,True_model,G2_ddm,G2_ct_ddm,BIC_ddm,BIC_ct_ddm,lambda,Best_model
0,CTDDM,1563.1875870503734,1273.9304070877486,1588.0460194440625,1298.7888394814374,1.7205526280934382,CTDDM
1,DDM,2220.1448682218615,2220.21839383681,2245.0033006155504,2245.076826230498,0.0,DDM
2,CTDDM,1569.1921978812632,1418.778384009139,1594.050630274952,1443.636816402828,0.970775998335874,CTDDM
3,DDM,2542.84929104243,2571.640762648727,2567.707723436119,2596.499195042416,0.0,DDM
4,CTDDM,1594.0680076867052,1290.3449281803748,1618.926440080394,1315.2033605740637,1.9264657319501304,CTDDM
5,DDM,2264.34248097398,2269.4933479859455,2289.200913367669,2294.3517803796344,0.0043137120996264,DDM
6,CTDDM,1461.196719141281,1351.8521804172651,1486.0551515349698,1376.7106128109542,0.4139028361934685,CTDDM
7,DDM,2576.4435177738897,2596.022444391895,2601.3019501675785,2620.880876785584,0.0008791126823746,DDM
8,CTDDM,1414.3141619065134,1072.972910663114,1439.1725943002025,1097.8313430568028,1.746455796563274,CTDDM
9,DDM,3720.6663311796833,3721.204983520423,3745.524763573372,3746.063415914112,1.7921760067217786e-05,DDM
10,CTDDM,1764.660609512537,1530.5428893517694,1789.5190419062255,1555.4013217454583,0.9564225251664988,CTDDM
11,DDM,2508.7952345558633,2508.961742878678,2533.653666949552,2533.8201752723667,0.0,DDM
12,CTDDM,1484.5782846331829,1197.166079149741,1509.4367170268715,1222.02451154343,1.319515640756028,CTDDM
13,DDM,2387.980381644932,2389.9008611702766,2412.838814038621,2414.7592935639655,0.0,DDM
14,CTDDM,812.0254156319173,518.0633315547439,836.8838480256061,542.9217639484326,1.884459027330988,CTDDM
15,DDM,1543.7185806364623,1549.2091985654724,1568.5770130301514,1574.0676309591613,0.0,DDM
16,CTDDM,1399.199872261585,1233.546307742978,1424.0583046552738,1258.404740136667,0.6421779817109262,CTDDM
17,DDM,2622.127792029775,2635.09269487084,2646.9862244234637,2659.9511272645286,0.0,DDM
18,CTDDM,1888.2531111331268,1616.3266870711325,1913.1115435268157,1641.1851194648214,1.1521191179326542,CTDDM
19,DDM,2965.388600280315,3006.282423007088,2990.247032674004,3031.1408554007767,0.0,DDM
20,CTDDM,1382.7795481946478,929.2439874922316,1407.6379805883366,954.1024198859204,1.768052342443612,CTDDM
21,DDM,3030.580303729179,3030.0670375013196,3055.438736122868,3054.9254698950085,0.0014631802576474,DDM
22,CTDDM,2125.4594836016345,1843.944224313587,2150.3179159953233,1868.802656707276,0.9103040228115016,CTDDM
23,DDM,2375.2476943997863,2379.2747951080873,2400.106126793475,2404.133227501776,0.0,DDM
24,CTDDM,871.8709469706761,483.5814747010612,896.7293793643648,508.43990709475,1.8327912422019004,CTDDM
25,DDM,2056.7853950194567,2056.7326578981247,2081.6438274131456,2081.5910902918135,0.0,DDM
26,CTDDM,1695.826129435092,1407.2441750152177,1720.684561828781,1432.1026074089064,1.474119265191934,CTDDM
27,DDM,2658.925226927556,2673.590694204811,2683.783659321245,2698.4491265985,0.0002652288905262,DDM
28,CTDDM,1843.104239020434,1666.3642847497192,1867.962671414123,1691.222717143408,0.5695674656691222,CTDDM
29,DDM,2932.727571539589,2932.1495086642126,2957.586003933278,2957.0079410579015,0.0027566788374769,DDM
30,CTDDM,1645.701522817045,1389.3330416776737,1670.559955210734,1414.1914740713626,1.3251392933151718,CTDDM
31,DDM,2429.82466966163,2444.6876068471056,2454.683102055319,2469.5460392407945,0.0,DDM
32,CTDDM,1711.3129318739605,1556.2189236664367,1736.171364267649,1581.0773560601256,1.633222614464133,CTDDM
33,DDM,2049.880992770288,2076.1371433525255,2074.739425163977,2100.9955757462144,0.0,DDM
34,CTDDM,1984.5705641399709,1810.099433376112,2009.4289965336595,1834.957865769801,0.6508713105479457,CTDDM
35,DDM,2041.96454199454,2046.3798357462424,2066.822974388229,2071.238268139931,0.0,DDM
36,CTDDM,1122.0505313328551,990.1124662990024,1146.908963726544,1014.9708986926912,2.0,CTDDM
37,DDM,3365.9107717960587,3365.8636180092853,3390.7692041897476,3390.722050402974,0.000815927706759,DDM
38,CTDDM,1469.6439695891736,1196.339204309561,1494.5024019828625,1221.1976367032498,1.8813786473170464,CTDDM
39,DDM,1971.6645622286503,1982.5703233614695,1996.5229946223392,2007.4287557551584,0.0,DDM
40,CTDDM,1430.675056619653,1100.4874992543282,1455.5334890133422,1125.345931648017,1.561166195192232,CTDDM
41,DDM,2961.376869323863,2989.452097565408,2986.235301717552,3014.310529959097,0.0,DDM
42,CTDDM,1065.720939986796,805.4109513088555,1090.5793723804848,830.2693837025442,1.659353110262382,CTDDM
43,DDM,2620.126271009461,2627.591857367475,2644.98470340315,2652.4502897611637,0.0,DDM
44,CTDDM,1837.0284055397383,1666.5635523422222,1861.8868379334272,1691.421984735911,0.5565833412510808,CTDDM
45,DDM,2622.069694575155,2630.85322555501,2646.928126968844,2655.7116579486988,0.0036792797068289,DDM
46,CTDDM,1562.2744743179192,1478.4644952300516,1587.132906711608,1503.3229276237405,0.3096004144654614,CTDDM
47,DDM,2794.067585078584,2835.3932603150915,2818.926017472273,2860.2516927087804,0.0,DDM
48,CTDDM,1865.391838484679,1669.6004443104534,1890.250270878368,1694.4588767041423,0.6126432392372098,CTDDM
49,DDM,2054.420876821213,2058.654127655665,2079.279309214902,2083.512560049354,0.0008898928645522,DDM
50,CTDDM,1656.8329809351596,1480.0439425881295,1681.6914133288485,1504.9023749818184,0.8347109968302121,CTDDM
51,DDM,2853.5057427507027,2877.69289257634,2878.3641751443915,2902.551324970029,0.0,DDM
52,CTDDM,1618.4315672807772,1447.5919104475795,1643.289999674466,1472.4503428412684,0.6132437561894614,CTDDM
53,DDM,3386.842527972756,3386.842203522484,3411.700960366445,3411.700635916173,0.0059798364339703,DDM
54,CTDDM,1103.630519844476,759.039750247933,1128.4889522381648,783.8981826416217,1.3410724217899668,CTDDM
55,DDM,3687.9979882037255,3691.502490718357,3712.8564205974144,3716.360923112046,0.0,DDM
56,CTDDM,1562.1949717159268,1282.436327815088,1587.0534041096157,1307.294760208777,1.6733436344150308,CTDDM
57,DDM,2694.6502685431433,2694.8355674878926,2719.508700936832,2719.6939998815815,0.0,DDM
58,CTDDM,2697.882735774874,2539.1921910280375,2722.741168168563,2564.0506234217264,0.2158924670645038,CTDDM
59,DDM,2790.791835452844,2802.3471472968104,2815.650267846533,2827.2055796904992,0.0,DDM
60,CTDDM,1971.8033512697573,1848.226618719102,1996.6617836634464,1873.085051112791,0.3839870629501,CTDDM
61,DDM,2270.2920970943815,2292.3467131159346,2295.1505294880703,2317.205145509623,0.0,DDM
62,CTDDM,2171.886134135669,1926.7237589187312,2196.744566529358,1951.5821913124205,0.6412445520482033,CTDDM
63,DDM,3086.473748214252,3202.4562357692353,3111.3321806079407,3227.314668162924,0.0,DDM
64,CTDDM,2151.3139805885803,1956.058476745225,2176.172412982269,1980.9169091389144,0.6325631375549415,CTDDM
65,DDM,2562.221849999524,2562.3499170853956,2587.0802823932127,2587.2083494790845,0.0009879250754787,DDM
66,CTDDM,1182.4368384073791,979.3725559255572,1207.295270801068,1004.230988319246,1.3163702270344442,CTDDM
67,DDM,2332.809751681304,2335.260093495867,2357.668184074993,2360.1185258895557,0.0,DDM
68,CTDDM,1291.0453701325648,1122.5649840383207,1315.9038025262537,1147.4234164320096,1.112030802513075,CTDDM
69,DDM,2478.4749906562015,2477.920023377098,2503.3334230498904,2502.778455770787,0.0076837559764477,DDM
70,CTDDM,1726.757043916326,1683.3146206590366,1751.6154763100149,1708.1730530527254,0.2834189800344588,CTDDM
71,DDM,2131.588396965032,2131.3792325285835,2156.446829358721,2156.2376649222724,0.0,DDM
72,CTDDM,1644.9848042687313,1433.1473960303583,1669.8432366624202,1458.0058284240472,1.0564875786146692,CTDDM
73,DDM,3784.723124888895,3784.5072918589217,3809.581557282584,3809.36572425261,0.0012756269457867,DDM
74,CTDDM,1143.9105342368443,876.0353004846797,1168.7689666305332,900.8937328783684,1.3006157798652955,CTDDM
75,DDM,3421.735993368894,3423.503182251338,3446.594425762583,3448.3616146450267,0.0011223539402352,DDM
76,CTDDM,1506.0881153038026,1334.056955508162,1530.9465476974915,1358.9153879018509,1.8103998660887288,CTDDM
77,DDM,2937.1459209105915,2937.327648246765,2962.0043533042804,2962.186080640454,0.0,DDM
78,CTDDM,1584.2540990496875,1487.1679489611015,1609.1125314433764,1512.0263813547906,0.5154410492237425,CTDDM
79,DDM,2622.831329369811,2642.427566943027,2647.6897617635,2667.285999336716,0.0,DDM
80,CTDDM,1244.6213002006157,815.0964642358484,1269.4797325943046,839.9548966295372,1.557391304238132,CTDDM
81,DDM,3339.5575273126788,3339.3278485773135,3364.4159597063676,3364.1862809710024,0.00234127207994,DDM
82,CTDDM,1487.3391132295878,1219.075819150442,1512.1975456232767,1243.9342515441308,1.2525861112147445,CTDDM
83,DDM,2269.901258388942,2299.5198191816658,2294.759690782631,2324.3782515753546,0.0,DDM
84,CTDDM,1715.922713219836,1469.9298296020193,1740.7811456135248,1494.788261995708,1.2314223652335206,CTDDM
85,DDM,2477.2162518486857,2477.3830398183864,2502.0746842423746,2502.241472212075,0.0061871390767609,DDM
86,CTDDM,1509.8028532246346,1426.6946364383875,1534.6612856183235,1451.5530688320764,0.3629868031487386,CTDDM
87,DDM,2047.317315593802,2065.215713492318,2072.175747987491,2090.074145886007,0.0,DDM
88,CTDDM,1251.1658382287233,895.8334579372075,1276.024270622412,920.6918903308964,1.557712375157014,CTDDM
89,DDM,1494.7980335045995,1494.7226704924988,1519.6564658982886,1519.5811028861876,0.0,DDM
90,CTDDM,1217.577424720907,955.7350879263468,1242.4358571145958,980.5935203200356,0.9803637149182084,CTDDM
91,DDM,2131.767191163483,2139.353271614943,2156.625623557172,2164.211704008632,0.0123448489701033,DDM
92,CTDDM,882.0861920150187,435.978955481129,906.9446244087076,460.83738787481775,1.8285209258903163,CTDDM
93,DDM,3236.728735448424,3242.5331513951396,3261.5871678421126,3267.3915837888285,0.0,DDM
94,CTDDM,1257.7432232770025,998.53336282946,1282.6016556706911,1023.3917952231488,1.724499065265951,CTDDM
95,DDM,1989.65874153675,1989.4502185164529,2014.5171739304387,2014.3086509101415,0.0084742469277857,DDM
96,CTDDM,1109.054960518904,1007.169821151778,1133.9133929125928,1032.028253545467,0.5648369367814949,CTDDM
97,DDM,3146.0352649978904,3148.2937613628255,3170.8936973915793,3173.1521937565144,0.0,DDM
98,CTDDM,1052.143379765867,837.542513123281,1077.0018121595558,862.4009455169697,1.4485083498782991,CTDDM
99,DDM,2491.8904641067465,2503.750531218388,2516.7488965004354,2528.608963612077,0.0030990572675345,DDM
100,CTDDM,1750.5674269595056,1621.070460664021,1775.4258593531945,1645.92889305771,0.7689139424535253,CTDDM
101,DDM,3905.3080386019487,3905.252586148791,3930.1664709956376,3930.11101854248,0.0005143575741753,DDM
102,CTDDM,1195.486244608262,1047.441977187976,1220.344677001951,1072.300409581665,0.8939559449204014,CTDDM
103,DDM,2543.891155524203,2571.119195942681,2568.749587917892,2595.9776283363694,0.0,DDM
104,CTDDM,1339.492770537638,839.4997038677787,1364.3512029313267,864.3581362614675,1.901347332539856,CTDDM
105,DDM,2928.074921693627,2956.892109100913,2952.933354087316,2981.7505414946017,0.0,DDM
106,CTDDM,1512.65408257843,1258.9620013999418,1537.5125149721189,1283.8204337936306,1.5447248702036012,CTDDM
107,DDM,2842.9902877959817,2875.5884714824347,2867.8487201896705,2900.4469038761235,0.0,DDM
108,CTDDM,1430.0060075454553,1071.433816603631,1454.8644399391442,1096.2922489973198,1.2735565846080634,CTDDM
109,DDM,2725.031158172804,2730.9311335800035,2749.889590566493,2755.7895659736923,0.0001668943019875,DDM
110,CTDDM,1514.3855133665452,1242.8810251741068,1539.243945760234,1267.7394575677956,1.567141584563912,CTDDM
111,DDM,1527.248382967442,1532.6877342411146,1552.1068153611309,1557.5461666348035,0.0049651445711072,DDM
112,CTDDM,1353.1770890899145,1099.7614747817497,1378.0355214836034,1124.6199071754384,2.0,CTDDM
113,DDM,2985.069258973977,2992.4516740328627,3009.927691367666,3017.3101064265516,0.0,DDM
114,CTDDM,1154.5326979840877,1025.330042479136,1179.3911303777766,1050.1884748728248,0.788146563898428,CTDDM
115,DDM,2217.5811786730646,2219.191914614925,2242.4396110667535,2244.0503470086137,0.0221119621636819,DDM
116,CTDDM,1288.205500660494,1142.9147811006485,1313.0639330541828,1167.7732134943371,0.8825796452007386,CTDDM
117,DDM,2717.176245662011,2720.990828822525,2742.0346780556997,2745.849261216214,0.0,DDM
118,CTDDM,1668.6626575729856,1405.3004721701573,1693.5210899666745,1430.158904563846,1.3358851758892072,CTDDM
119,DDM,3517.641799921263,3522.560815901128,3542.500232314952,3547.419248294817,0.0,DDM
120,CTDDM,2732.692137172489,2578.5194874128388,2757.5505695661777,2603.3779198065276,0.2404265460116328,CTDDM
121,DDM,2645.6573161721167,2658.682746757134,2670.5157485658056,2683.5411791508227,0.0010247017864659,DDM
122,CTDDM,1928.5570365646277,1716.278030529009,1953.4154689583163,1741.1364629226978,0.7649735377084109,CTDDM
123,DDM,2589.443976600019,2591.863874589945,2614.302408993708,2616.722306983634,0.0035177112218112,DDM
124,CTDDM,1441.0689595975252,1195.1077776922596,1465.927391991214,1219.9662100859484,0.892076333440017,CTDDM
125,DDM,2580.1544602386084,2593.7843332658877,2605.0128926322973,2618.6427656595765,0.0,DDM
126,CTDDM,1532.747738116089,1245.2445078564356,1557.606170509778,1270.1029402501244,1.7784948251904271,CTDDM
127,DDM,3574.805425570924,3577.208263177103,3599.663857964613,3602.066695570792,0.0,DDM
128,CTDDM,1595.119299315205,1404.8600740985066,1619.9777317088938,1429.7185064921955,1.4387410901129267,CTDDM
129,DDM,2697.791192476245,2726.207051642637,2722.649624869934,2751.065484036326,0.0,DDM
130,CTDDM,1724.0830574459003,1467.912737093916,1748.9414898395894,1492.7711694876048,1.4196530967567502,CTDDM
131,DDM,2864.673878995792,2904.0485688736144,2889.532311389481,2928.9070012673033,0.0,DDM
132,CTDDM,1175.9669301507404,944.9265240216548,1200.8253625444293,969.7849564153436,1.6931114612176787,CTDDM
133,DDM,2112.0479874610255,2111.8820444130592,2136.9064198547144,2136.740476806748,0.0,DDM
134,CTDDM,1867.8125104564133,1647.7118711051153,1892.6709428501024,1672.5703034988042,0.9777722980434728,CTDDM
135,DDM,2185.103304014872,2227.0956474730237,2209.9617364085607,2251.9540798667126,0.0046586065773008,DDM
136,CTDDM,1133.780086430194,912.7613055949456,1158.6385188238828,937.6197379886344,1.7916557292584443,CTDDM
137,DDM,2900.308523587077,2899.866970749652,2925.166955980766,2924.725403143341,0.0106925978123156,DDM
138,CTDDM,1083.3497706664818,886.4542880569012,1108.2082030601707,911.31272045059,1.033720157410403,CTDDM
139,DDM,1360.1467242734238,1377.4441549795386,1385.0051566671127,1402.3025873732274,0.0,DDM
140,CTDDM,1066.6856920095076,869.1531243900272,1091.5441244031963,894.011556783716,1.6945143191820582,CTDDM
141,DDM,3533.2431638164853,3538.347129198692,3558.101596210174,3563.205561592381,0.0013747751953029,DDM
142,CTDDM,1433.7522724752737,1098.527824644303,1458.6107048689626,1123.386257037992,1.5977067276265622,CTDDM
143,DDM,3652.158303129458,3651.906633978884,3677.016735523147,3676.765066372573,0.0,DDM
144,CTDDM,867.5072547693608,658.3533920753448,892.3656871630495,683.2118244690336,1.5832229778297626,CTDDM
145,DDM,3060.8684219810066,3142.007239534098,3085.726854374695,3166.865671927787,0.0,DDM
146,CTDDM,1915.6085382871772,1717.2114605952831,1940.466970680866,1742.069892988972,0.7654879120517877,CTDDM
147,DDM,3124.80790499615,3132.7952421089044,3149.666337389838,3157.6536745025933,0.0,DDM
148,CTDDM,1442.4739086638265,1371.3526421584434,1467.3323410575151,1396.2110745521322,0.4224984936785865,CTDDM
149,DDM,3041.850531507431,3043.5910622868223,3066.7089639011197,3068.449494680511,0.0,DDM
150,CTDDM,1014.2388414986726,829.0595800100773,1039.0972738923615,853.918012403766,1.4355156207372877,CTDDM
151,DDM,2012.6234231392689,2030.393067456258,2037.4818555329575,2055.251499849947,0.0242995759982757,DDM
152,CTDDM,1719.5445361004902,1567.1571628330569,1744.402968494179,1592.0155952267455,0.5129284244197131,CTDDM
153,DDM,3650.051382292512,3662.047508977572,3674.909814686201,3686.905941371261,0.0,DDM
154,CTDDM,1527.066161017202,1433.3741673749869,1551.924593410891,1458.2325997686758,0.3849788183788796,CTDDM
155,DDM,2762.0546254697674,2819.751266552009,2786.9130578634563,2844.609698945698,0.0,DDM
156,CTDDM,915.5171397251968,734.2426973994617,940.3755721188854,759.1011297931504,1.7386757276473332,CTDDM
157,DDM,2311.109596619374,2311.0328813426445,2335.9680290130627,2335.891313736334,0.0015695967319355,DDM
158,CTDDM,2138.78054898055,2006.7435917514872,2163.638981374239,2031.602024145176,0.3096385254840951,CTDDM
159,DDM,3849.731335376192,3858.700520237782,3874.589767769881,3883.55895263147,0.0,DDM
160,CTDDM,1583.81291999082,1442.435108400454,1608.671352384509,1467.293540794143,0.911829386550979,CTDDM
161,DDM,3209.866173040837,3209.6636572302796,3234.724605434526,3234.5220896239684,0.0,DDM
162,CTDDM,1005.6920733619568,901.068787197468,1030.5505057556454,925.9272195911568,1.1520182643599726,CTDDM
163,DDM,3244.7466535163853,3325.8075334281407,3269.605085910074,3350.6659658218296,0.0,DDM
164,CTDDM,1649.2848543833088,1594.5350705082003,1674.1432867769977,1619.3935029018892,0.2879646996582578,CTDDM
165,DDM,3007.7136542633925,3014.034318926426,3032.5720866570814,3038.8927513201147,0.0004862242823468,DDM
166,CTDDM,1161.679599345964,701.9787568344706,1186.5380317396528,726.8371892281593,1.7268220305858568,CTDDM
167,DDM,2687.382671675118,2705.149514127971,2712.241104068807,2730.00794652166,0.0014613478356697,DDM
168,CTDDM,1325.3698526139658,1278.5467741373611,1350.228285007655,1303.40520653105,0.3408471697047692,CTDDM
169,DDM,2302.6818761672484,2301.9164883006542,2327.5403085609373,2326.774920694343,0.0062995566132695,DDM
170,CTDDM,1129.3889442965922,931.9825566407624,1154.247376690281,956.8409890344512,1.4120691167111048,CTDDM
171,DDM,2184.455622432161,2189.6386533819436,2209.31405482585,2214.4970857756325,0.0,DDM
172,CTDDM,2331.712879017736,2209.8684351402553,2356.571311411425,2234.726867533944,0.2561356705947111,CTDDM
173,DDM,2870.9200988967514,2878.3254030232692,2895.77853129044,2903.183835416958,0.0002536355653804,DDM
174,CTDDM,1088.5176447632768,1016.9644934769632,1113.3760771569655,1041.8229258706522,0.7978628373497147,CTDDM
175,DDM,2681.254103071962,2756.0231968219973,2706.112535465651,2780.881629215686,0.0,DDM
176,CTDDM,1610.8639347879714,1472.917150844749,1635.7223671816605,1497.7755832384375,0.5517495774071279,CTDDM
177,DDM,2453.0723968343545,2528.635866829309,2477.9308292280434,2553.494299222998,0.0,DDM
178,CTDDM,961.9409613177436,830.6554298510283,986.7993937114322,855.5138622447171,0.911538030396614,CTDDM
179,DDM,3031.9824671236693,3060.750462589865,3056.840899517358,3085.608894983554,0.0040774969295201,DDM
180,CTDDM,1623.9970940536846,1472.4561582594408,1648.8555264473734,1497.3145906531297,0.978717337624516,CTDDM
181,DDM,3491.611664219173,3513.6042715693693,3516.4700966128617,3538.462703963058,0.0,DDM
182,CTDDM,1852.8996046160137,1686.5493816864016,1877.7580370097023,1711.4078140800905,0.4872944893342164,CTDDM
183,DDM,2653.597421884773,2676.9324407858667,2678.455854278462,2701.7908731795555,0.0016537049800689,DDM
184,CTDDM,1674.0199047140302,1522.4917477354074,1698.878337107719,1547.3501801290963,0.5651339723647991,CTDDM
185,DDM,2789.850727082868,2819.0601716659667,2814.709159476557,2843.9186040596555,0.0,DDM
186,CTDDM,1411.8943290414788,1052.3426114302083,1436.7527614351677,1077.2010438238972,1.8208873064251732,CTDDM
187,DDM,2750.630516716278,2757.858775464912,2775.4889491099675,2782.717207858601,0.0014760488844896,DDM
188,CTDDM,1270.6121897386777,1055.0082670630193,1295.4706221323663,1079.866699456708,1.317580647734137,CTDDM
189,DDM,3310.306681902752,3322.2340451870114,3335.165114296441,3347.0924775807,0.0068725921101915,DDM
190,CTDDM,1523.7323005366777,1222.7191319799024,1548.5907329303666,1247.5775643735913,2.0,CTDDM
191,DDM,2278.887742186571,2277.518800816421,2303.74617458026,2302.37723321011,0.0187407216499863,DDM
192,CTDDM,1139.937908185237,1077.29537034015,1164.7963405789255,1102.1538027338388,0.4155317437340421,CTDDM
193,DDM,2635.0689289155075,2645.962443939116,2659.9273613091964,2670.820876332805,0.0140479646913078,DDM
194,CTDDM,2505.7243744957996,2381.2475729294542,2530.5828068894884,2406.106005323143,0.2849558712564626,CTDDM
195,DDM,2189.409992406944,2201.719541745262,2214.268424800633,2226.577974138951,0.0,DDM
196,CTDDM,1930.5298148104616,1685.9994193405764,1955.3882472041505,1710.8578517342653,0.8392046814341915,CTDDM
197,DDM,1689.475637680834,1689.1142695177384,1714.334070074523,1713.9727019114273,0.0213576059591937,DDM
198,CTDDM,2248.591969210657,2037.2017492231073,2273.450401604346,2062.060181616796,0.3793665096762668,CTDDM
199,DDM,2135.064118947043,2146.328327937346,2159.922551340732,2171.1867603310347,0.0,DDM
200,CTDDM,1883.2418433182445,1803.8628358528665,1908.1002757119331,1828.7212682465552,0.2521823190061853,CTDDM
201,DDM,1801.9200539092092,1821.7299689440297,1826.778486302898,1846.5884013377183,0.0,DDM
202,CTDDM,1778.2361018607487,1642.8225640557391,1803.0945342544376,1667.6809964494282,0.4136223957563569,CTDDM
203,DDM,2951.3389775769456,3031.858524320569,2976.1974099706345,3056.716956714258,0.0,DDM
204,CTDDM,1997.7278432904425,1750.0714545792807,2022.5862756841311,1774.9298869729696,0.850490864478158,CTDDM
205,DDM,2893.5034284976946,2894.497241797594,2918.3618608913835,2919.355674191283,0.0,DDM
206,CTDDM,1000.5704230258068,886.4888305132496,1025.4288554194954,911.3472629069385,0.8557412888131124,CTDDM
207,DDM,2724.7635268488366,2724.179284622596,2749.6219592425255,2749.037717016285,0.0,DDM
208,CTDDM,1644.9362009090507,1566.865797958808,1669.7946333027396,1591.7242303524968,0.306406639338963,CTDDM
209,DDM,3280.6107020410386,3292.624601061622,3305.4691344347275,3317.4830334553108,0.0,DDM
210,CTDDM,2060.5035842998172,1960.8115856671543,2085.362016693506,1985.6700180608432,0.4455248511343849,CTDDM
211,DDM,3066.8155830959904,3071.4681414847364,3091.6740154896793,3096.3265738784253,0.0,DDM
212,CTDDM,1324.3474750393802,1171.2837089457976,1349.2059074330691,1196.1421413394864,0.8660993926956219,CTDDM
213,DDM,2041.056071279044,2044.4957297636224,2065.9145036727327,2069.3541621573113,0.0103596124104329,DDM
214,CTDDM,2518.093803049162,2356.2109930308297,2542.952235442851,2381.0694254245186,0.28583527860288,CTDDM
215,DDM,1890.295790981535,1890.514903296148,1915.154223375224,1915.3733356898367,0.0,DDM
216,CTDDM,1567.728758336372,1412.088515371593,1592.587190730061,1436.946947765282,0.6322421903656884,CTDDM
217,DDM,2341.2010336020417,2345.8622108792133,2366.0594659957305,2370.720643272902,0.0104190418366898,DDM
218,CTDDM,1623.7106382279785,1312.793645020347,1648.5690706216674,1337.6520774140358,2.0,CTDDM
219,DDM,3506.9387366982824,3548.6444235379945,3531.797169091971,3573.5028559316834,0.0,DDM
220,CTDDM,1581.0513394111988,1353.8119616378235,1605.9097718048877,1378.6703940315124,1.5825415277252346,CTDDM
221,DDM,3314.5220648680915,3346.5524277487507,3339.3804972617804,3371.4108601424396,0.0,DDM
222,CTDDM,2158.5775809340844,1922.2778673745267,2183.4360133277733,1947.1362997682156,0.6565638109795324,CTDDM
223,DDM,2358.644615138682,2417.3208906575655,2383.5030475323715,2442.1793230512544,0.0,DDM
224,CTDDM,1077.0189257542495,907.5073364301826,1101.8773581479386,932.3657688238712,2.0,CTDDM
225,DDM,3733.8338469218183,3740.117071025651,3758.692279315507,3764.97550341934,0.0,DDM
226,CTDDM,1243.8272574393943,1051.6083590832018,1268.6856898330834,1076.4667914768906,0.947692039196345,CTDDM
227,DDM,3891.008673632597,3890.1868404390966,3915.867106026286,3915.0452728327855,0.001696002205314,DDM
228,CTDDM,1588.9635498991363,1366.741529653726,1613.8219822928252,1391.599962047415,1.6320353118312918,CTDDM
229,DDM,2651.1812737990344,2682.013638958318,2676.0397061927233,2706.872071352007,0.0,DDM
230,CTDDM,1492.6093722067662,1384.905813746121,1517.467804600455,1409.7642461398102,0.5930074611240821,CTDDM
231,DDM,2932.7071960619237,2981.8780108114247,2957.565628455613,3006.7364432051136,0.0,DDM
232,CTDDM,1226.655329866058,1054.0051104027175,1251.5137622597467,1078.8635427964064,1.1826678215143978,CTDDM
233,DDM,2783.068675901241,2795.8308777120938,2807.92710829493,2820.6893101057826,0.0028378403740284,DDM
234,CTDDM,2439.479153102855,2207.7843438923765,2464.3375854965443,2232.6427762860653,0.4805109060281698,CTDDM
235,DDM,3169.738267515316,3240.400062824355,3194.596699909005,3265.2584952180437,0.0,DDM
236,CTDDM,2039.8527628299696,1873.18037114281,2064.7111952236583,1898.038803536499,0.3956476613398803,CTDDM
237,DDM,3593.297083911995,3587.2705420135812,3618.155516305684,3612.12897440727,0.0080508488246076,DDM
238,CTDDM,2644.766698443981,2482.5636113547116,2669.62513083767,2507.4220437484005,0.2259422746162894,CTDDM
239,DDM,2649.7515799738935,2701.245969450212,2674.6100123675824,2726.1044018439006,0.0,DDM
240,CTDDM,1679.736570518202,1437.5838731757235,1704.5950029118908,1462.4423055694126,1.0479597077008918,CTDDM
241,DDM,2158.8768477130125,2160.159210694184,2183.7352801067013,2185.017643087873,0.0,DDM
242,CTDDM,1387.6364453229126,1167.9173714982842,1412.4948777166014,1192.775803891973,1.4070705040738536,CTDDM
243,DDM,2775.2274620642593,2817.6619558422817,2800.085894457948,2842.5203882359706,0.0,DDM
244,CTDDM,1658.842411356284,1376.8418485992015,1683.7008437499728,1401.7002809928906,1.492399068223021,CTDDM
245,DDM,3171.1905624153896,3173.9923675863893,3196.0489948090785,3198.850799980078,0.0,DDM
246,CTDDM,1691.84427274842,1504.3563207643444,1716.702705142109,1529.214753158033,1.151722658620969,CTDDM
247,DDM,2372.9359189744214,2407.618190197272,2397.7943513681103,2432.4766225909607,0.0025990989443835,DDM
248,CTDDM,2287.593027955283,2152.044529990395,2312.451460348972,2176.902962384084,0.3527311000580646,CTDDM
249,DDM,2147.759249832334,2200.545621361726,2172.617682226022,2225.404053755414,0.0,DDM
250,CTDDM,1510.3636552172875,1261.1841996814446,1535.2220876109766,1286.0426320751335,1.5647308778050495,CTDDM
251,DDM,2322.213416131931,2326.1936920504686,2347.07184852562,2351.0521244441575,0.0032236051198235,DDM
252,CTDDM,1282.9173334788863,1208.564683322739,1307.7757658725752,1233.423115716428,0.527498163426761,CTDDM
253,DDM,1984.4433382861864,1983.873293298829,2009.3017706798755,2008.7317256925176,0.0132437475864611,DDM
254,CTDDM,1306.9032155022608,1181.434853397718,1331.7616478959496,1206.293285791407,1.1152623780359283,CTDDM
255,DDM,3412.3747100299997,3431.8508725309116,3437.2331424236886,3456.7093049246005,0.0,DDM
256,CTDDM,1648.1050479375613,1320.8900720888587,1672.96348033125,1345.7485044825476,2.0,CTDDM
257,DDM,3022.5304298797855,3024.7665870371893,3047.3888622734744,3049.625019430878,0.0,DDM
258,CTDDM,1644.1628728748765,1517.2442100291278,1669.0213052685654,1542.1026424228166,0.473052452780716,CTDDM
259,DDM,2080.761038912948,2078.518625826121,2105.619471306637,2103.3770582198094,0.0181681430174024,DDM
260,CTDDM,1784.573900883015,1473.6014563758815,1809.432333276704,1498.4598887695704,1.7457921577026922,CTDDM
261,DDM,2689.1055192671847,2715.4629157888376,2713.9639516608736,2740.3213481825264,0.0,DDM
262,CTDDM,1832.081577924836,1551.817232481958,1856.940010318525,1576.6756648756468,1.360505395114767,CTDDM
263,DDM,2270.254721059306,2273.271961017188,2295.113153452995,2298.130393410877,0.0,DDM
264,CTDDM,1558.5855939267567,1321.5196761384022,1583.4440263204456,1346.3781085320911,1.588028886744961,CTDDM
265,DDM,3693.457355400355,3704.626560600677,3718.315787794044,3729.4849929943657,0.0,DDM
266,CTDDM,1806.2307502052472,1509.9475091348477,1831.089182598936,1534.8059415285363,1.5249883670209092,CTDDM
267,DDM,2418.649946531836,2418.9141642362188,2443.508378925525,2443.7725966299076,0.0,DDM
268,CTDDM,1533.090114652304,1390.817639475376,1557.9485470459929,1415.6760718690648,0.8854631129955715,CTDDM
269,DDM,2581.5068723139375,2584.147409989044,2606.3653047076264,2609.0058423827327,0.0101130219765329,DDM
270,CTDDM,1430.887457647955,1304.297741574025,1455.745890041644,1329.1561739677138,0.8410527153406014,CTDDM
271,DDM,3386.1284151082805,3395.227582658428,3410.98684750197,3420.086015052117,0.0,DDM
272,CTDDM,1512.161495998073,1257.1314094225247,1537.0199283917618,1281.9898418162136,1.446339336329686,CTDDM
273,DDM,3572.5866034450905,3581.273707245083,3597.4450358387794,3606.132139638772,0.0004109657537539,DDM
274,CTDDM,1901.2307337565771,1610.232676640068,1926.089166150266,1635.0911090337568,1.5372913759370748,CTDDM
275,DDM,1632.9868396603397,1634.6610704474515,1657.8452720540283,1659.5195028411404,0.0,DDM
276,CTDDM,1426.8010309370943,1094.0477921524327,1451.6594633307834,1118.9062245461216,1.5645910552552182,CTDDM
277,DDM,2284.4799850070644,2285.2547436221807,2309.3384174007533,2310.1131760158696,0.0,DDM
278,CTDDM,1276.769321811484,887.7030895157332,1301.6277542051728,912.561521909422,1.2658581717026571,CTDDM
279,DDM,2894.28770700834,2910.9298098135264,2919.146139402029,2935.7882422072153,0.0116282278200363,DDM
280,CTDDM,1359.8253256362675,943.5883943447984,1384.6837580299566,968.4468267384872,1.442129032827091,CTDDM
281,DDM,2577.5122618999208,2591.467375916279,2602.3706942936096,2616.3258083099677,0.0,DDM
282,CTDDM,1479.362134951366,1303.0792080642366,1504.2205673450549,1327.9376404579257,1.2950322366253069,CTDDM
283,DDM,2989.122652904474,3001.418245228982,3013.9810852981627,3026.276677622671,0.0008069402867421,DDM
284,CTDDM,1551.360211046626,1347.9893619604632,1576.2186434403147,1372.847794354152,2.0,CTDDM
285,DDM,2216.70600754994,2231.039584635379,2241.5644399436287,2255.898017029068,0.0108262217447024,DDM
286,CTDDM,1564.4686480353948,1268.9298369906242,1589.3270804290837,1293.788269384313,1.7181378829642375,CTDDM
287,DDM,3474.4350240560266,3474.2662043476194,3499.293456449715,3499.124636741308,0.0,DDM
288,CTDDM,1462.7618845175136,1389.9469489798505,1487.6203169112025,1414.8053813735394,0.2930755522104346,CTDDM
289,DDM,2705.586443474427,2725.710212563153,2730.444875868116,2750.568644956842,0.0024480497501538,DDM
290,CTDDM,2042.872744232281,1807.193272358472,2067.73117662597,1832.0517047521607,0.8418990317573655,CTDDM
291,DDM,2636.3451057230964,2644.9559094347396,2661.2035381167852,2669.8143418284285,0.0,DDM
292,CTDDM,1045.5563519251175,743.7867379076963,1070.4147843188066,768.6451703013851,1.6048980270122994,CTDDM
293,DDM,3417.8659675042986,3422.346288607789,3442.7243998979875,3447.204721001478,0.0019841411510183,DDM
294,CTDDM,1976.6258467139403,1745.359470967783,2001.4842791076296,1770.2179033614718,0.7648413046546331,CTDDM
295,DDM,2202.22445387044,2233.1438741631255,2227.082886264129,2258.0023065568143,0.0,DDM
296,CTDDM,1398.954075393718,1022.5830176538236,1423.8125077874067,1047.4414500475125,1.2855283292780628,CTDDM
297,DDM,2347.801396455313,2346.4998016816257,2372.6598288490018,2371.3582340753146,0.0119614046135311,DDM
298,CTDDM,1404.1113163823145,1041.2657843519676,1428.9697487760031,1066.1242167456564,1.7054339691574756,CTDDM
299,DDM,2589.264449661863,2588.9180783080506,2614.122882055552,2613.7765107017394,0.0,DDM
300,CTDDM,1934.5078121071726,1646.4017306825035,1959.3662445008615,1671.2601630761924,1.206384318098716,CTDDM
301,DDM,2309.352921755975,2311.540977993332,2334.2113541496637,2336.399410387021,0.002047542520381944,DDM
302,CTDDM,1307.2694881032107,1157.7218399419337,1332.1279204968996,1182.5802723356226,0.6870483546052718,CTDDM
303,DDM,3023.701395743444,3024.415425366863,3048.559828137133,3049.273857760552,0.0036539241634647598,DDM
304,CTDDM,1482.4757417744836,1246.4306749557666,1507.3341741681725,1271.2891073494554,1.143321935462929,CTDDM
305,DDM,1778.142365648429,1778.5689048539184,1803.0007980421178,1803.4273372476073,0.012789375652894305,DDM
306,CTDDM,1665.609811783404,1483.5778063942785,1690.4682441770929,1508.4362387879673,1.2797811034199025,CTDDM
307,DDM,3164.7818017464183,3162.630991631478,3189.640234140107,3187.489424025167,0.007948441327603228,DDM
308,CTDDM,1845.4027870279467,1811.7327597253272,1870.2612194216356,1836.5911921190161,0.18581786663702973,CTDDM
309,DDM,2823.712948896493,2825.8621566333168,2848.5713812901818,2850.7205890270056,0.0,DDM
310,CTDDM,1188.4536734346655,955.9551477014896,1213.3121058283543,980.8135800951784,1.3966835142429777,CTDDM
311,DDM,2491.836377608295,2559.7872198663895,2516.694810001984,2584.6456522600784,0.0,DDM
312,CTDDM,1179.6130559271503,1070.4644693002106,1204.4714883208392,1095.3229016938994,0.5590652317585338,CTDDM
313,DDM,2428.9894470638997,2431.213247131502,2453.8478794575885,2456.071679525191,0.011229914658403754,DDM
314,CTDDM,1451.8394766789975,1299.9298577009142,1476.6979090726863,1324.788290094603,1.6539230816721127,CTDDM
315,DDM,2310.158092439807,2311.23741703827,2335.016524833496,2336.095849431959,0.002923243819943311,DDM
316,CTDDM,1780.0050268258296,1470.1133996379708,1804.8634592195185,1494.9718320316597,1.4539858630176776,CTDDM
317,DDM,2310.801707402401,2312.674524207142,2335.66013979609,2337.532956600831,0.007412913296658532,DDM
318,CTDDM,1353.566702155214,1226.010555542481,1378.4251345489029,1250.8689879361698,0.5974966792824952,CTDDM
319,DDM,2388.2234560754255,2421.526690804642,2413.0818884691143,2446.385123198331,0.0,DDM
320,CTDDM,1513.3152506843364,1278.2667011718813,1538.1736830780253,1303.1251335655702,1.6126588486745612,CTDDM
321,DDM,2444.697608227731,2443.0557633864855,2469.55604062142,2467.9141957801744,0.01176610690690607,DDM
322,CTDDM,2169.962392338995,1890.3840652197232,2194.820824732684,1915.242497613412,0.9574658086463144,CTDDM
323,DDM,2064.1346602120625,2062.6713988849438,2088.9930926057514,2087.5298312786326,0.015959576596842266,DDM
324,CTDDM,1597.6451619261074,1437.5423105028826,1622.5035943197963,1462.4007428965715,0.6700683681873513,CTDDM
325,DDM,3413.3481216184164,3414.5148417630503,3438.2065540121052,3439.373274156739,0.0013579012963504395,DDM
326,CTDDM,1239.9786597278392,986.013152857271,1264.837092121528,1010.8715852509598,1.59283667044574,CTDDM
327,DDM,3449.341270402211,3450.7790101977344,3474.1997027959,3475.637442591423,0.0,DDM
328,CTDDM,1035.6220584503467,876.916563063692,1060.4804908440356,901.7749954573808,1.1949536183714842,CTDDM
329,DDM,2124.559843982191,2129.2096903410575,2149.41827637588,2154.0681227347463,0.012572362741785185,DDM
330,CTDDM,1229.879332289822,975.0892515092271,1254.737764683511,999.9476839029159,2.0,CTDDM
331,DDM,2345.82282913953,2411.2000741805678,2370.6812615332187,2436.0585065742566,0.0,DDM
332,CTDDM,2028.450365465146,1803.1367977370344,2053.3087978588346,1827.9952301307233,0.6890347115494676,CTDDM
333,DDM,3744.853804405276,3759.565943760968,3769.712236798965,3784.424376154657,0.0,DDM
334,CTDDM,1136.1447346943316,939.6468932073111,1161.0031670880205,964.5053256009999,1.4198817510049204,CTDDM
335,DDM,2873.1397421169427,2872.4528841326564,2897.9981745106315,2897.3113165263453,0.004427275312710621,DDM
336,CTDDM,1566.5748181278118,1345.9909676156265,1591.4332505215007,1370.8494000093153,1.1583396882807449,CTDDM
337,DDM,2600.4031103368584,2622.988215775209,2625.2615427305473,2647.846648168898,0.0,DDM
338,CTDDM,1309.0214337615678,1060.1245764573748,1333.8798661552567,1084.9830088510637,1.3633277064062144,CTDDM
339,DDM,3038.990058770394,3035.8279226425866,3063.848491164083,3060.6863550362755,0.014267259415257295,DDM
340,CTDDM,1012.9467498145973,841.3956962708718,1037.8051822082862,866.2541286645605,1.6416370796746236,CTDDM
341,DDM,2688.808981196522,2689.347727338238,2713.667413590211,2714.206159731927,0.009962625900830194,DDM
342,CTDDM,1811.7816765758475,1522.6008053398575,1836.6401089695364,1547.4592377335464,1.3075132694236822,CTDDM
343,DDM,1523.7753808978596,1528.711747822361,1548.6338132915484,1553.57018021605,0.0,DDM
344,CTDDM,1804.300539849722,1679.651727561525,1829.158972243411,1704.5101599552138,0.6354573723548583,CTDDM
345,DDM,3786.5735015136597,3791.995000358211,3811.4319339073486,3816.8534327519,0.00710848027149401,DDM
346,CTDDM,1596.8074833971293,1354.5959074483703,1621.6659157908182,1379.4543398420592,1.2272536027591556,CTDDM
347,DDM,2638.535106024006,2638.4730832201544,2663.393538417695,2663.3315156138433,0.0020987394067410224,DDM
348,CTDDM,814.2938120318963,611.3409499047085,839.1522444255851,636.1993822983973,1.580745793550637,CTDDM
349,DDM,2362.2007028495254,2364.601161245626,2387.0591352432143,2389.459593639315,0.0,DDM
