,b0_true,b0_estimate,lambda_true,lambda_estimate,ndt_true,ndt_estimate,mu1_true,mu1_estimate,mu2_true,mu2_estimate,sigma_true,sigma_estimate,mu_z,std_z,index,corr,sig_to_var
0,3.6156342536748367,3.6176266710726495,1.5559041436851382,1.5897006118996768,0.2821793663671268,0.29517905024177093,0.4301153583295334,0.5020345232763022,0.5458040638853301,0.5520480628532134,0.6410967036944719,0.6407745055647307,2.4754870663991095,0.6407768030330213,1.009996700588454,ndt,0.9999964145576435
1,2.5668879047721966,2.3387560485376335,0.4680010641890696,0.3631791678907307,0.9771655385078813,1.0,-0.8962537990375021,-0.9173336549763099,-1.4452037471256858,-1.4749334058948897,0.18469298619370528,0.571002379688091,1.5402132031578024,0.18110484652011863,3.580833115096359,noise,3.152882933061978
2,4.638437705383818,2.0,0.5029424521957594,0.1,0.3544954497750416,0.7775534521136006,-2.370132377899812,-2.880821334080003,1.7383442806343317,2.006266587204308,0.2326136272293364,0.7825252732479776,1.524276890428096,0.22823264572712426,4.780570283730253,noise,3.4286298997890405
3,2.1957347928088384,2.0,0.8353000042602546,0.8239041091313071,0.45411533405485954,0.5123247248886129,2.1356292233067755,2.146274024152948,0.1587337445450001,0.12412120220464948,0.36278340753611443,1.2546303054633159,1.7210038669570618,0.35484678910207046,3.8269960775498957,noise,3.535695810121663
4,2.435510107498812,2.3925104600694747,0.2738337244340747,0.2652693478563713,0.9989065631883731,1.0,1.0722958645938736,1.0058597728038945,1.887587900788733,1.8605797417064718,0.9981320408774347,0.9823644843115873,2.122758411089697,0.9801237167032595,1.0998577737283948,ndt,1.002286208944994
5,4.049749374063547,2.470507475139439,0.37013453715225547,0.1,0.12915244089096767,0.39174030572683394,1.66561643629084,1.914537725622565,2.494591798737841,2.790141247300989,0.1597632078746013,1.9512832151722326,2.337757282775357,0.15346276165267717,15.463951719486746,noise,12.715027373145102
6,4.238701840704587,2.0,1.2067594137828415,0.763967907888406,0.3959008150940837,0.6674214394794057,-1.81075810146043,-2.1401984806867427,0.2785123889283565,0.2758843185855122,0.9421406214885057,1.2631792260774202,1.5615734716495793,0.9026504128246787,1.8014997660403704,noise,1.3994113425645403
7,4.563204763848801,4.846764836134806,1.937936978576439,2.0,0.8812115082735359,0.8985472500212773,2.89470085580918,3.0,-1.029045306299396,-1.1644966477253824,0.2537422164949114,0.24926030748613037,1.3924198645820274,0.2491930820107728,1.0501841958871154,ndt,1.000269772639012
8,3.437928620733291,3.8402799769730804,1.0369722740842762,1.117210960258383,0.7360745942179984,0.7214806066897108,-2.5925768478745557,-2.632756374419245,-0.9697489809778661,-0.9834664816024613,0.6149466861298459,0.5983810630138406,2.8350463665668504,0.5982921656821587,1.0342179134113036,ndt,1.000148585150836
9,4.078834246343444,2.0,1.3344163806035614,0.8910324056508979,0.29832259884186857,0.5443683898405085,-0.19147326140435128,-0.19590952531609834,-1.4351410879971251,-1.6331275908689291,0.3530420555973982,1.2838615504096436,1.8002012625436792,0.345951480615884,4.090770742662933,noise,3.7111029214964906
10,2.637186747825128,2.0,1.0298916481808513,0.8277797183437001,0.7649664762899181,0.8641839629959208,1.689892967250499,1.8540382455215387,0.29847029099775146,0.3174182450327005,0.9453185269149464,2.0672801432679977,2.642042680949103,0.9449172036400005,2.643562481633744,noise,2.187789718828742
11,2.1817374683936612,2.1943672887745174,0.3103542597952287,0.3698973913800135,0.7896576352483282,0.8084027347298985,2.262532095220128,2.313450750325387,0.15260049562896372,0.1304054348912872,0.25291043278488745,0.25117594416176514,2.423140837358333,0.25107111715897873,1.0227901585602424,ndt,1.0004175191633853
12,2.11934578666168,2.1870599779117224,1.7554876493423637,1.6800993005123122,0.29279210179964743,0.29049730190243533,0.05956646835521329,0.08811039029269085,-0.66141363805473,-0.6730525501224207,0.3204772694463893,0.3418198682097827,1.0681306297122672,0.3417430840349156,1.0049309571393759,ndt,1.0002246839174052
13,2.443825595560841,2.461525639836722,0.2785334049439913,0.2831964635440347,0.8353220937225345,0.8625858485102487,1.1244747198467333,1.2593952172394778,-2.207073606853527,-2.3582798999288577,0.9858378647740271,0.9401600555563696,2.675364639503908,0.9400437287409321,1.0992235311087524,ndt,1.0001237461746522
14,3.4053519260348146,2.4459080999959117,1.362471203969269,1.1770286008103228,0.8910736047339676,1.0,1.3583092802246937,1.4661592129319496,-0.04705811841053431,-0.06417946705715084,0.5111294175621556,1.359294357928238,2.2564564288757962,0.5099600082002277,2.8198944938221397,noise,2.6654920701047065
15,4.238707168542845,4.17673316266547,0.1209359525743783,0.1,0.5438731831481342,0.5411665428876662,2.739968803423837,2.7603452622771614,-1.1269613903032367,-1.1916289979655628,0.10712945531484536,0.10558390915488167,2.9098848898806278,0.10558344561267229,1.0357718725505924,ndt,1.0000043902924998
16,4.561278669710657,2.0,1.0618098752295675,0.4602764069737471,0.7134796407042514,0.9930742487935084,2.2954006454731073,2.8773220100166834,1.0316779695127445,1.4020588154050344,0.9497303325018032,1.1071487364098238,1.4720056392583842,0.9986721570365802,1.3680799979536282,noise,1.1086208107524822
17,4.469398827607806,5.0,1.6539814191861246,1.937593537409503,0.7322281950378328,0.7610142214977336,-1.5971368462739393,-1.6304365449315636,2.991713210113768,3.0,0.4696747969189367,0.46570506066935186,2.5042527939588877,0.4645377737326646,1.0245427775700744,ndt,1.002512792290943
18,2.4707072684196403,2.3312609374778956,0.6942964433073172,0.6534460694357752,0.5929000486357379,0.6064094630096429,0.907784462724555,0.8422512126758266,-2.105524042919863,-2.1683297321188344,0.536284995264859,0.540920376441796,1.3174063748834248,0.5409230896134445,1.1417656642335625,ndt,0.9999949841822238
19,2.0203484478979252,2.1003394519209984,1.1367677323616845,1.324191387945516,0.5347013079081531,0.5556044026104536,-1.1632404527369493,-1.265611194989749,2.8684343584365894,2.975972809686385,0.48272565832263153,2.3405860619060324,2.86232049803395,0.45539100781159275,5.690487952388848,noise,5.1397283252338495
20,4.927136807467567,4.658863572947149,0.138315325917214,0.1,0.6400981452379735,0.6286011157560174,2.116397063134597,2.0940311348010217,-1.3362277130066196,-1.328908725635616,0.7075536755734165,0.691835841762681,2.9568302964876607,0.6917575837165749,1.02997767218152,ndt,1.0001131292926138
21,2.84501750417733,2.0451811441142955,0.3840225431001489,0.16312328498402384,0.8310150401121065,1.0,0.4721330621726103,0.602941830098991,1.5984231432057576,1.8002674116090618,0.7639080857352755,0.8650960558837748,1.3748283671703678,0.7327104550054807,1.3966020455323926,noise,1.180679284666825
22,3.529526690580182,3.6006324294686576,0.37989601549724045,0.4195573920042556,0.7069423352710253,0.7017134449553224,-1.8988090692638373,-1.8802516170930619,2.0748674747362053,2.027820395024632,0.9824049727793359,0.989149960878175,2.4423442277208487,0.9889861982559343,1.0746116724068202,ndt,1.0001655863575543
23,2.853851489536112,3.061220236657794,0.9925198858716833,1.0388805458378316,0.395289540642597,0.3896322559742846,2.980557373818644,2.942547078272061,0.028324325056868993,-0.007098973542127706,0.16522887189574836,0.15926804356776592,2.042294773941228,0.15916347092875177,1.0785805405202478,ndt,1.0006570140648727
24,3.6231738466127137,4.208109281220984,1.8098125773627134,2.0,0.9905675502652997,1.0,-1.4639604731749163,-1.509230859438488,-1.7209401800484714,-1.8221045556804973,0.2284595953197372,1.1723207295694067,2.1435340214998324,0.2358478783529749,4.979934033810701,noise,4.970664725738541
25,2.708604601500606,2.9939316141725976,0.8294478616954728,0.9529799129825401,0.48499823838925726,0.47730839400259284,2.8240687410075678,2.8555642044138216,-0.676885386239956,-0.7476323493874425,0.6826794627159611,0.6870921157204762,1.7644383881942411,0.6857591141689064,1.0031301790573919,ndt,1.0019438335182542
26,4.424090490262748,4.779473352471671,0.7708337765543158,0.8262182535879732,0.9517707828645992,0.9550455140727121,2.743129451107696,2.7954440256072743,-0.47934474241850467,-0.47772170003764847,0.054217998184833166,0.05317014380677759,2.89718996244382,0.05316672528301333,1.0046756514443802,ndt,1.0000642981817305
27,2.0521602736713103,2.2691953273878047,0.37435968863277014,0.3843918470418654,0.868474136152545,0.841694202370175,2.4352209539304486,2.476433055601951,0.8396510278854565,0.8390086618940431,0.848057422177557,0.8295284445552114,1.8162770532200005,0.8295162864460911,1.0623382443003757,ndt,1.0000146568660784
28,3.729233891939041,3.6568920210388063,1.102066479856709,1.106244341074528,0.48625765710779756,0.51260359340756,-0.7113973541768943,-0.8227276796840937,-1.9637339676401595,-2.0403336840105357,0.3477984082480198,0.32220765888849356,1.0821896405902887,0.32204343358757537,1.0481406930345218,ndt,1.0005099476772084
29,2.438257659855636,2.0,1.3773004668938327,1.3265596545083904,0.9154800413473112,1.0,-0.9478002512347612,-1.1602221697931132,0.5221690052659858,0.40031952161418527,0.7786308741189809,0.8951988514601338,1.4882677350918747,0.7688086021632153,1.2517801517223106,noise,1.1643975482861288
30,4.240770317293327,3.7730916769680753,0.15109590710116513,0.1,0.8934869014658424,1.0,2.571671503786628,2.710046949245074,-0.08622396016326328,-0.11960430471250207,0.9893460018174108,2.094571250067575,2.847339353777803,1.0321939021195448,2.2180454243047585,noise,2.0292420307526577
31,4.3224078763306215,4.62498575557106,1.1949164968843276,1.2911189279675568,0.91784469122025,0.9250694940343772,0.34650378912554847,0.38115969419302065,-2.3374484128504696,-2.450361457625124,0.3549705421449833,0.3591609073488469,0.14780907344086666,0.3591108903681599,1.0364696846309809,ndt,1.0001392800442106
32,2.67088931160846,2.728256636594984,0.7054540017877293,0.6846550105433461,0.9955588936060845,0.9860888467330196,-0.6250997469275867,-0.6365658345827565,-0.009212204739176943,-0.008975765994219157,0.17797918440144242,0.17694738955304906,1.772509219617617,0.17693483903730506,1.0146013500388475,ndt,1.0000709329819515
33,4.131717151721919,4.626058337613782,1.9250816863006945,2.0,0.38544006201460973,0.38482736755432545,-1.293048701863594,-1.3621874533096583,2.6744989167603586,2.9134935405836613,0.10912074972112035,0.10808238478018675,2.3752839056402015,0.10807547833045265,1.046133119380913,ndt,1.0000639039478778
34,3.1765857881391795,3.571573143024471,1.3738992675985673,1.4741990004247525,0.3835849259348771,0.3632112882072536,-0.5572290002272975,-0.6589853498627966,-1.0508071990964298,-1.0036863083006797,0.7932041068608164,0.7559470167162137,2.4641986494387536,0.7556175438942988,1.0280747509918446,ndt,1.0004360311967042
35,4.413114514953865,4.442034459976682,0.275147534215611,0.28236327703144115,0.1186069077810816,0.14328256492702968,1.0058412415185753,1.0259825595333907,2.176479723186759,2.199365046153022,0.29914889615090895,0.3028387060461704,1.3714136860553534,0.30283863243054443,1.0432828185337062,ndt,1.0000002430853203
36,4.198710096687527,4.827378502562042,1.6273219642106975,1.9834313957116125,0.7675989595449478,0.7982401514550153,-2.8338117219170345,-3.0,0.1812102567658933,0.22038055175823928,0.8608751188053021,0.8375022133775534,1.268386602643095,0.8371962686291322,1.0075743275252826,ndt,1.0003654396942334
37,3.9004786128501427,2.0,1.137752101230832,0.9136852027956317,0.6105430340273137,0.9242547185933951,-0.6836609971913012,-0.9086829430557193,0.9811974895772582,1.1609846116403943,0.09675708960220736,0.463283972317459,1.3693461695136098,0.09740491289331671,5.501636140522944,noise,4.756269047998363
38,3.3795211137768293,3.6616838382575914,0.5647709405619575,0.6844378535004518,0.2422952588366021,0.2551085918993724,-2.82625031473635,-2.8294484521806016,-0.3304619749233988,-0.30435937562568816,0.6080466753371218,0.590466660831244,1.0845154300101028,0.5902942427918741,1.0514840775961558,ndt,1.000292088295753
39,3.322112886962988,2.8722516643073597,1.9290540173441488,2.0,0.7020185918169554,0.7642000011804391,1.5063678091386488,1.7512930794729547,-2.524281140088031,-2.864390008756083,0.8058479297183742,0.775817972432778,2.7970303635032137,0.774734592856791,1.0015841681016138,ndt,1.0013983880234287
40,4.547438633585606,4.999973567409537,1.362340103955899,1.4184399393373899,0.3264379093113062,0.31543802838480256,1.5582087987246238,1.5551093183991098,0.3593251812221032,0.4090060911453829,0.9630718058244897,0.9723053281276768,1.8417474320983085,0.9690723262438367,1.0548047434415835,ndt,1.003336182239742
41,3.9189638021707642,4.352644154274099,1.84683889297673,2.0,0.8720812277702078,0.8837851448667575,-2.7905507106187075,-2.9229335798979785,0.27069934374091376,0.38656198633812167,0.9725413380907307,0.9848293636696124,2.9304650457109997,0.9848288006997554,1.0486270097271222,ndt,1.000000571642357
42,3.3613809725156236,3.4314519404513684,0.1875369361770753,0.21060369833912118,0.9785652430469756,1.0,0.08658129777374346,0.11857760595401962,-1.1775843097586294,-1.1735684288119266,0.7732354069789446,0.7727943184820131,0.4383217619685259,0.7725754608126572,1.0002832832266322,ndt,1.0002832832266322
43,4.407486780276041,4.2495423855132115,1.371918765045548,1.3282412022813093,0.5399704710395562,0.5675906448686454,-1.140334388915281,-1.1937286197076244,-2.289647530668899,-2.430101656315901,0.4204458364203296,0.44745056509376135,2.984069722543354,0.4472605614990542,1.053163199132506,ndt,1.0004248163398766
44,3.7132435685529557,3.8941945725771734,0.40483410402508085,0.46750448568443576,0.15673630040110917,0.14823422061328312,-2.1330970574669896,-2.1075561843551878,-0.4434832559885111,-0.4490306038755989,0.47689469884767227,0.459487048340242,2.8367996719786843,0.45947650954387964,1.145399120508691,ndt,1.0000229365291662
45,3.0474148540517234,3.073293719717988,1.3256957412812413,1.3383371062166989,0.21888799488080624,0.2236378804873903,-1.9736140590482267,-1.9797681591257266,-0.45198407888600234,-0.490965583966686,0.17976338775307998,0.17652710353599235,1.3795772811434472,0.17651184826866537,1.0033859726782735,ndt,1.0000864263077895
46,4.89842332755614,2.2310592349725726,1.6196886208516472,1.0353215994448308,0.4562678084174355,0.6678527394941585,-1.548794749449714,-1.8691459467669458,2.4283152667423256,2.9381656707557693,0.8394285119525461,0.9359058795811216,1.0740844582239568,0.8497381934280626,1.1590912842794245,noise,1.1014049819338312
47,2.0074195479093353,2.0,1.2261319679238287,1.240844103215774,0.664863787561396,0.6893042918427876,-1.8885897893993042,-1.9852361152715639,1.085112404865464,1.0699995888464473,0.5922919059620129,0.9705302341954934,1.4209287812994889,0.6074419647978575,1.9323602395996715,noise,1.597733265791841
48,2.8427441208809006,3.022561711983429,0.40737008034837613,0.42754022868423314,0.7447461264448902,0.685112619105467,0.6282093916050278,0.6558836965383112,1.0219689905474676,0.9447575583575809,0.9516646997021235,0.9100679220769397,1.3707566853444395,0.9091912039659573,1.0597259843441547,ndt,1.0009642835381138
49,2.2567103265506816,2.2379599033559763,1.5407557470803122,1.5996707674572275,0.7625717156828573,0.781361610452391,1.0095687733656558,1.067913746744559,-1.8971234132942216,-1.9044863062821782,0.25650153686815347,0.24783171875214477,1.7549456947583018,0.2477739625889287,1.001419040873736,ndt,1.0002331002120344
50,2.3336484314313286,2.0310438414566,1.7571634684177877,1.5902513100916278,0.8076989054866591,0.8426997217854886,-0.3182753465395245,-0.38465076594854164,0.5955572555070119,0.5224316570273185,0.4879332799730919,0.48584128010061217,2.292435867067324,0.4858101024616935,1.0050636508537778,ndt,1.0000641765964946
51,4.91653513377224,2.230493803812946,1.3619653478856073,0.8488441976304106,0.47465618659190273,0.7003932693031012,1.85899256423827,2.2003495576497527,-1.9341629935053648,-2.1107739231348064,0.9160123591466772,2.1693550314170764,2.6878231841802336,0.8960797162621573,2.792868757683535,noise,2.4209397802978607
52,2.5843844749640543,5.0,0.670202171218804,0.735273118049666,0.8160696455369819,0.42791103633890204,1.5066169307519377,1.2597426942144592,2.4392885567709475,1.9558667635547589,0.3992822004660396,0.42772066140197385,0.29894904137031686,0.41097976036006667,1.2505707419305274,noise,1.0407341252699165
53,2.7639178986302855,3.1814007240610125,0.6941850086569463,0.968821127881588,0.1544419108560622,0.1509542605792815,-2.9424736409370946,-2.9393201615743174,-2.7037940163524445,-2.6707267963568375,0.578152641253142,0.5803614509719854,0.967283753558188,0.5788345178849591,1.0318268886617845,ndt,1.0026379440752873
54,3.1736481458297394,2.500522294628701,1.619516980220533,1.4196756154646755,0.3026877346669335,0.3816879379381878,0.511028144703193,0.6161551989622812,-0.533173401948073,-0.6212134344153684,0.6880073450908658,0.7343560608991941,0.9401179093427922,0.733634730301709,1.047028645417576,ndt,1.000983228530073
55,3.955825623815869,4.123102851250973,0.5213904457486256,0.5417640554201173,0.7474023556332082,0.7513119012136374,-0.6231953789386344,-0.6550007278372865,-0.048191147757723485,-0.024697338563087513,0.7704885686052857,0.7720864340500357,2.531217023635788,0.7720905534061845,1.1419033639485026,ndt,0.9999946646722583
56,4.649906554393182,5.0,1.1172244709786092,1.2840596640692103,0.8269560327305134,0.8462135474548487,-2.179337797875213,-2.1973148492071135,-0.14527644894143665,-0.21682112448404545,0.3581340207280644,0.35437421416636206,2.446680033459398,0.35379596585215334,1.054453178631716,ndt,1.001634411836257
57,4.3078386336831125,2.0,1.1409233647806283,0.6123067769948418,0.420393301326881,0.685252052630203,2.2567165784721688,2.775449068952574,-0.11393280876679879,-0.17913167069778613,0.5533007074595157,1.5256952678098314,2.1102166722836033,0.5721258491480568,3.2030211781279885,noise,2.6667126998049806
58,2.4900038547268006,2.0,0.42192864139789116,0.2516291093159951,0.32948769227974856,0.45783049731083514,0.6039122954596585,0.8028266879596915,-2.3959303968341397,-2.743277752383027,0.31422669136162446,1.9023088259650813,2.328451587745766,0.3114921009626081,6.994707939581909,noise,6.107085284302078
59,3.7323540356994322,3.5501287964484343,0.6280584225632004,0.6357713280494429,0.9479849442191651,1.0,-2.5670601972212195,-2.651462356304187,-2.0744508187963384,-2.170271633317246,0.1397066855219848,0.7424525547180519,1.7227986982731747,0.14353372202879985,5.734430942173261,noise,5.172669838305174
60,3.7311320450455785,2.0,1.9811388505918224,1.7565037026024009,0.7114077226259897,0.8597499086461265,2.8921416327135674,3.0,1.0087724071120523,1.1679734975821754,0.7233434818774773,0.9661788264492917,1.4574294474511706,0.7277586860560203,1.461052005139289,noise,1.3276087870353752
61,2.314726284460646,3.1318084418616503,0.9994452060917518,1.4128679202360304,0.4260774173484743,0.3827238566888628,1.5217957997873612,1.4836130176789832,1.733752346492016,1.716792574203665,0.4131323469813142,0.40466625387378397,2.5035728029466418,0.40428887290965476,1.042180859216356,ndt,1.0009334438551654
62,3.1179423330529517,3.161108331366566,0.32655488364263396,0.3580422237777445,0.6600135498222445,0.6574681390532959,0.5964402409632719,0.6408122266318081,2.2003894604113654,2.0672835074934657,0.37946988740195847,0.3945059943251149,1.2062092679084233,0.3944883751611135,1.0017446132646193,ndt,1.0000446633287843
63,3.9976158853613404,4.036037219316004,0.2209480320767201,0.225565581450013,0.4451192831663214,0.4533511502565506,-2.9627587317823103,-3.0,-2.0356154447852433,-2.0438409302270797,0.4913627398392095,0.4629612245510596,1.0076550423008874,0.4629237272768074,1.100045784999209,ndt,1.0000810009771433
64,4.3277254313597835,4.908527166587147,1.1716664091943407,1.4026639045567162,0.6327525236497062,0.6606398902370401,-2.234159541199741,-2.4548268062050047,2.7148340845132206,3.0,0.8554096106013089,0.8259305648187361,0.06608126859696879,0.8255202958896126,1.0007813169454334,ndt,1.0004969822440057
65,4.061547204905086,2.272072292934256,0.42774738536606477,0.1,0.27880743843245437,0.566437674043128,-2.598648638692315,-2.947540409690074,0.045276780709845754,0.05658867151177293,0.8286580992373599,1.5610745572033875,1.914787888573206,0.79984820103744,2.63876753758689,noise,1.9517135316158762
66,2.349980846112843,2.5755880098677917,1.3003274006921328,1.5283618884980081,0.8788088277900489,0.8807725609410767,-2.088433625530886,-2.0291887535704642,1.6405948357714457,1.5407990013227135,0.43494942943083303,0.42495534990658174,1.8008070377103746,0.42475795074766354,1.0106695224267126,ndt,1.0004647332876777
67,3.5905602042420375,2.7369324439535174,0.2358962955861573,0.1,0.8431291006805921,0.9914777652821414,-2.470551506875889,-2.5827694568816018,2.312631400968452,2.363498082310328,0.9690529855132164,1.5923585307171255,2.3074536148761733,0.9421892806042985,1.949759391594248,noise,1.690062244919432
68,4.908159568545308,4.870635935800657,0.5612798496450998,0.6050057332071572,0.6327113778055357,0.6884371151486725,2.436838758729481,2.629972940940622,-0.47475457470719507,-0.5035717025071808,0.5489815987166053,0.5601329162453317,2.3888137763061055,0.5599235609181017,1.192284699547366,ndt,1.0003738998353395
69,3.2212628485101176,3.61221232800124,1.5436891577756031,1.6955798752498201,0.23784568486430924,0.23451924088107512,-1.978330219621968,-2.0485538342112877,-1.3990384623589276,-1.3198000219084243,0.149725091844182,0.14844214311122517,1.8025332842305957,0.14844100993270437,1.0586813395550994,ndt,1.0000076338642623
70,4.075369448608812,4.999998177386578,0.982711960959186,1.2652788287092238,0.8951994410006834,0.8775813187822434,0.8266503226868418,0.836607891680833,2.755619159486778,2.7478615348280684,0.8601898766204504,0.8489364318223032,2.9058609419027377,0.8485964841042283,1.0233059076611455,ndt,1.0004005999605734
71,3.498235959543461,2.18325003963774,0.2789938566387946,0.10282442595638977,0.6224889626164759,1.0,0.9001596358206032,0.9783950934517586,0.8145636740664943,0.8491630056738873,0.842619280442364,1.1677215003555161,1.8028797271690165,0.8811433458738395,1.6598707536897275,noise,1.3252344307241792
72,3.2153606893789344,2.639754326986686,0.3457752193396608,0.30083978580252746,0.8249632552349809,1.0,0.14011069684077904,0.10609152203995277,-1.2882442295556966,-1.279507285122875,0.3620378197223514,0.9478193694593782,1.8873891743370965,0.3621677707016696,2.6170726556453596,noise,2.6170726556453596
73,3.3344196417840477,2.0,1.056444460101193,0.6705517890331545,0.26991453207456595,0.43660770571994245,-0.7265139748401037,-0.7689903323557792,-2.1611118275949215,-2.281031422178222,0.38879756876818694,1.0044273452382602,1.37589501092056,0.3760577377506749,3.2335421598447365,noise,2.67093917877098
74,4.365023533605091,4.553208506442798,0.6157035159308617,0.6124686147352513,0.7572530345225499,0.7395348757143884,1.7470629542615972,1.7467943943038902,0.7154737356109342,0.728978101278774,0.7221731350551743,0.7332860116299026,2.4256738577743104,0.7332096032716479,1.0969284078440946,ndt,1.0001042107985407
75,3.164177769621648,2.160717468456261,1.9414887701571704,1.7702591359838156,0.1351549548545829,0.23138346697263432,-2.421187765195829,-2.5948690464225694,-1.4990847147524504,-1.5978871692554524,0.05543533282120142,1.97189334931701,2.1984747227061145,0.05609458716247142,35.47952097782602,noise,35.15300582577872
76,2.3873720820328503,2.0,1.2418012799457077,1.1900775491424924,0.3841275563220441,0.44404960867609267,0.6702484347177187,0.6477687409430543,-2.7900101178442216,-2.940283386123641,0.7805033718001031,1.6159773464661968,1.9259864897711823,0.765017871024339,2.4339240236312336,noise,2.1123393422201304
77,4.099214806780691,4.167935363676278,0.6629168785153549,0.6724443648182654,0.18779503924268334,0.1835569813560906,-0.6738516793002416,-0.7195935710533219,-2.00417266995245,-2.0067152438894595,0.18309962782611058,0.17826124228089024,1.6354157806024197,0.1782611208343029,1.0080731827185232,ndt,1.0000006812847735
78,4.626197153644619,2.061223930240851,1.7646252753989569,1.0684097613896304,0.5958227943772313,0.7844998025991144,-2.3272776651568394,-2.76891789135113,1.8168095130807183,2.2254481271098756,0.9956751971016911,1.9588774069699892,2.4022966177882843,0.9829206269730517,2.2947210052454245,noise,1.9929151481971035
79,2.8442037224009717,2.899838561660652,1.252365218097443,1.2645941051326932,0.48205526417433964,0.4812518151556377,-0.9399416672094905,-0.9767390224416657,-1.1729755904794366,-1.056442474199938,0.6074318940223737,0.5814745583352859,2.453929490191516,0.5812908868032338,1.0427238147153655,ndt,1.000315971807269
80,3.756036002792101,3.6576848861278566,0.2930267398616821,0.21374580135524615,0.967124129775876,1.0,0.5236150074476409,0.5901321087400645,2.6262168619445934,2.926201083465059,0.3555744422094325,1.7566419672640528,2.7113968428529756,0.3491676801965989,5.698370459435906,noise,5.0309409114697425
81,4.689246892766499,4.610804142648663,1.4234107198053374,1.4669626791008157,0.10705873045663786,0.12982813664753118,-2.3883895121400807,-2.3846225090628286,0.5820069078650845,0.6639273116295537,0.3513911910396486,0.35052450730722473,0.6985669740839914,0.3500582896565671,1.1028511800930496,ndt,1.0013318286252126
82,3.968719034545079,4.262426858232349,1.2116354204271265,1.344317259073845,0.3685915741922231,0.3661410086173877,2.0454793930947126,1.9523312300050735,-1.6783721814861865,-1.5757484863527458,0.9087120034364012,0.9194317114790397,1.965594749045239,0.9194281523596164,1.0998144413348216,ndt,1.0000038710141887
83,2.57473303692607,2.469055588685731,1.0247606571144554,0.9622049219164903,0.890158829700846,0.9200398858333239,1.860866483539779,1.9263815767824959,2.2596283635061303,2.470002788996298,0.8887342723713549,0.9051775055912615,0.285078646452865,0.9051514202876795,1.102427899537755,ndt,1.000028818718059
84,3.548619369725207,3.307840549321153,1.3510803753042262,1.2441934343258203,0.5164746170156371,0.5269519020166973,-2.466540703070194,-2.4865090278074615,0.27051728568944666,0.2629607330194499,0.5512195142572972,0.5753897302013036,1.0216340911110553,0.5753809969343728,1.0001217606332748,ndt,1.0000151782331659
85,3.313212863018519,2.0,1.0611620045118992,0.8470566417190246,0.6599974492118315,0.8234402134628881,-0.6211797589365395,-0.6210592236528575,2.8649252959167515,3.0,0.804266990826317,1.0226002055185774,1.486341497971216,0.7661505924151735,1.5700052591310452,noise,1.3347248121220991
86,3.0837663334973726,2.8850784886529595,0.4023526506772533,0.3535888865331299,0.33942555123939133,0.3450453912141489,0.26172847936183596,0.30494209433273933,-2.092159195210999,-2.049902034697945,0.17316647064195217,0.17955120639949507,2.428678870776517,0.1795503156332584,1.0893852909089452,ndt,1.0000049610953539
87,3.9123758860351168,2.08634773855717,1.3493451839143362,0.9468005576020158,0.7905411434488563,1.0,0.5104757515785703,0.5505447099386878,-0.18548395883673585,-0.14253314099238196,0.1509557345499837,0.6140754761784607,1.597796685503149,0.148535511329913,4.264256963671961,noise,4.134199765970674
88,3.399887076107939,4.215383482204143,0.8474273118538379,1.038392477815494,0.3408211462137845,0.3253157475196569,1.5310629214421698,1.6356847503004528,2.6707522591596473,2.8525581619588354,0.3364715611143631,0.332049352768652,1.1386563934469995,0.33201776304131175,1.050143096530536,ndt,1.000095144690606
89,2.5411453507205968,2.6342709168573912,1.0292338597672392,1.0680598832215922,0.4618851247339086,0.4747755755570557,0.5539331717126523,0.5548154880611644,2.761700254120998,2.9239526923185784,0.5877791446714773,0.5843757395368196,1.0675125167606265,0.5843430937373775,1.0276595891520912,ndt,1.0000558675199418
90,3.8997274207037718,2.0,1.0590495291713597,0.7319124723649407,0.24437138313168116,0.500040053911137,1.574560953644449,1.861250747100685,-1.6513863148708767,-1.9443967374862692,0.3032884841594013,1.8528206109960386,2.3413882981658256,0.2949298890984715,6.920950247769351,noise,6.282240896843849
91,2.8872471877830517,2.0339552376554195,0.35196631291975405,0.1,0.8378934752984241,1.0,-2.257604412728719,-2.421729925562195,-0.0883898931585072,-0.08271343299954678,0.8290456053681469,1.5623930296974253,2.3396865908733484,0.823055126654204,2.0317501255288315,noise,1.898284791747424
92,3.1144449430477423,2.0,1.0521051055290418,0.903187635611523,0.6018506380616113,0.7374592107074028,2.952507753982321,3.0,-2.566400541978005,-2.7843913755039518,0.17895016604630523,0.855389421473456,1.586912850180134,0.18360457130360452,5.359169273229233,noise,4.658867779816891
93,3.6824147112816217,3.978179843725895,1.1894824689239243,1.2527171607376693,0.10309156820433116,0.1,1.1708448073641167,1.1511572316940002,-2.0931377065537693,-2.1634808315335654,0.7805875633294738,0.8049012077952724,2.934493435558175,0.8044636390777871,1.0005439260349753,ndt,1.0005439260349753
94,2.6403027377593418,3.0573224579052862,1.5890212131303507,1.9350820570442013,0.1114127339387645,0.11762824925979184,1.728834490708582,1.7631954429092285,-1.9778743624249504,-2.0655481800254494,0.22558068675157272,0.21479187221143275,2.0498680528845497,0.21473454410228524,1.0064423287676945,ndt,1.0002669719927326
95,2.8692914509806213,2.0,1.8465511890904502,1.6050988475856356,0.8169042013740361,0.9116689403968611,1.996308759883831,2.2693768914357904,0.8001321183775187,0.7829937872599791,0.33946387698472175,1.8575100508340738,2.7542642747624706,0.3317378952725879,5.7748205475826655,noise,5.599330306559533
96,3.603072799956586,4.141717294257786,0.425172919744058,0.545627479926411,0.5535712752430639,0.5538322619223914,-2.4520229013233417,-2.455496972623805,0.33366737540289737,0.3306659941067416,0.26190020262208324,0.2575060081328554,1.3133086909387404,0.2575061649111676,1.0000389988586706,ndt,0.9999993911667618
97,3.4766728649186165,2.0,1.9264372358124342,1.6080674388998544,0.5502002858288002,0.7000173082110894,-0.46656910236380433,-0.520815438103785,-1.5776734909474717,-1.8268661670929398,0.7998012258892923,0.8755419732764641,1.1174636205074466,0.7886462699625986,1.2210825050133594,noise,1.110183369431249
98,2.3131311125095753,2.0000000136279823,1.8278060516655936,2.0,0.20587619953258743,0.2783390061184967,2.1948231796220705,2.5853134051874713,-2.107866172259661,-2.607857066101471,0.35288577957172707,1.72076749990539,1.9661814020670192,0.371031694424408,4.8645193054962785,noise,4.637791126105454
99,2.975931071299395,3.4946458586703635,1.7882228164889264,2.0,0.5178905987340806,0.5017315399751892,-0.54628146400691,-0.40537771355755037,-2.404685644311668,-2.35635085961284,0.8276557533384364,0.816477964212664,2.265023558853438,0.8164170071523024,1.0355992109430558,ndt,1.0000746641236373
100,2.641093407001652,2.0,0.5438229947140265,0.3306484896370369,0.8819052476847297,1.0,0.09144052643790279,0.10295125751456201,2.0910496281319793,2.2629137289060166,0.3012407849448431,0.7853772807712859,1.7286496526123234,0.27380750853579827,3.117759868227612,noise,2.8683555281998547
101,4.154205223269397,2.046868184258842,1.2772490703857236,0.9135474280157357,0.751558934633561,1.0,-0.6673057524082149,-0.7621353080901293,0.24228197115292271,0.22623696265652787,0.13702723805284753,1.2348210373187476,2.2250012328149413,0.13189262371793262,10.059261607254397,noise,9.36232067048384
102,2.381154997566001,2.417990351518556,0.720198992296729,0.6954879463805647,0.8684347084261327,0.8527350809130116,1.2716358827716445,1.2813888885806408,0.08152834249831464,0.05193518134472985,0.8807849683154424,0.8433322531474298,1.9293834666123375,0.8430992133740284,1.0505062101236966,ndt,1.0002764084815936
103,3.4101664364183466,2.2490761572908498,0.14073292307674012,0.1,0.10652056477187911,0.4160105995972553,2.277490249806609,2.2769250598034936,1.485196068833165,1.5098672909481952,0.5763141601113266,0.8137966104533638,0.9911365496312851,0.5605855992132049,1.9098956845382902,noise,1.451690181830476
104,3.1212805942663433,2.0,0.9919047924483848,0.8680958784461095,0.4566243834678109,0.6788221503307896,-0.7863355526789362,-0.9283210918500235,0.06535423304435883,0.03723322294896375,0.7032377962290536,1.4088533988929344,1.8879470753297516,0.6983812149791948,2.3021523793791645,noise,2.0173128495944797
105,4.469892268965965,2.8554241284870363,1.4330901732907866,1.1290198781719103,0.8551840940155593,1.0,-0.1746544887246264,-0.12630087309228816,-1.7865017076896335,-2.1284368165324388,0.7686606876990068,1.466796271078602,2.27648803735963,0.797047884931676,1.9340379127329597,noise,1.8402862598454015
106,4.425472859629165,4.88124339282926,1.8129875088238656,1.9180990208566813,0.7740424808536701,0.7743160502899616,1.0237633946990754,0.9496351126552691,-0.2082382973277408,-0.28877584096781017,0.24351181432155386,0.23809808808671215,2.1498373766756624,0.23808084109635527,1.102870745177601,ndt,1.0000724417398623
107,4.359799993718496,4.4104268227220205,1.0963315171481238,1.0370917958030565,0.8541661050398592,0.8559342395902783,1.5785239947086034,1.63025570937437,1.827298763338979,1.8897922956303561,0.0864880131746975,0.08634241394817954,1.5138827746507753,0.08633918780462262,1.0263402186637465,ndt,1.000037365924315
108,2.811601642611819,2.873808979937221,0.2227865386792355,0.22358917368383194,0.9838339540294211,0.9789279138513336,-2.397725377623515,-2.354582231723041,0.8578728784675882,0.8601367534159666,0.3058970944453975,0.3111593022195593,2.549809128157547,0.31115744888791597,1.0997795265307624,ndt,1.000005956250284
109,3.630286840253009,2.2279277711646146,1.131063238001594,0.8355898132170907,0.34509313872297986,0.4856694392815685,-2.726234782879261,-3.0,2.860734390080304,3.0,0.42584585331576086,1.8994361645500197,2.3227616328331417,0.42201019448042076,5.258737823742723,noise,4.500924834028256
110,2.035256115048522,2.0,0.7008409665578232,0.6443471734546358,0.35701523642549987,0.3766492466881553,-1.266975897005506,-1.376008021310847,-1.409787904220749,-1.4460788145853638,0.4683055974381583,1.7693240062718438,2.1149088167744496,0.4497893929291339,4.00683617019892,noise,3.933672145422531
111,4.031660855318986,4.801528151736034,1.279319230394223,1.4128104216154571,0.319393017585411,0.30412761969185764,0.6656872766320321,0.6403376506397611,-2.457095479671211,-2.6306912134342193,0.43320237636555076,0.41989239505195786,2.639268295805562,0.41978638755122377,1.049794760398925,ndt,1.0002525272468992
112,4.641107038007195,2.219582763786757,1.1804008495245502,0.694602091075968,0.42375598801507364,0.6573761013294729,-2.766693951510068,-3.0,0.2251148146494797,0.27487439917161294,0.9462519220053682,2.1758556888262754,2.5562425830846225,1.017089219218785,2.668426222952745,noise,2.139296777226216
113,3.860300515538016,2.0,0.7055550028969666,0.12488560367062804,0.4559524551081997,0.6953713573417784,-1.1381337403251497,-1.215297665517841,2.6125207317086985,3.0,0.795283669880895,2.032747129142556,2.5437451392315062,0.8112454849477806,3.138792222244708,noise,2.5057114854369913
114,2.3544596768165564,2.633885915434526,0.9203884070956799,1.1242668476924147,0.7043292131935915,0.7021279742736353,-1.0172683600947388,-1.0176822777075467,-2.534625584771118,-2.541577694866015,0.06534440199123448,0.06854414470973547,1.6142279108247866,0.06854410287011854,1.0752740686361706,ndt,1.0000006104043262
115,3.5548399608460324,2.0000005100838925,1.3243000902010726,0.8184945027906839,0.5225215117081428,0.6816974923493633,0.8720797485739038,0.9657843199735954,-2.2573546680702474,-2.566576632612447,0.185680223045413,1.6693738982364303,2.3426851266658226,0.18530398816452814,10.423096174893208,noise,9.008839554787254
116,4.950214574307908,2.0565383903713785,1.7349972567781182,1.0596677011210462,0.5675785560525399,0.7817915509046954,-1.5408980908140175,-1.7935492360015628,-2.6100280340701874,-3.0,0.7459924684639386,2.065100509516073,2.703475770750402,0.7650660050460197,3.104515217167669,noise,2.699244896382312
117,3.4977174345225324,2.5488419448908153,0.5040995572300904,0.24906009188155676,0.8410352804788895,1.0,2.373190440639772,2.730323855250263,-0.5504209961947375,-0.6068466222456486,0.6305326399616271,1.074395464776424,1.8529770051116823,0.6568187281314417,2.0886224525367263,noise,1.6357564404914735
118,3.169760562882063,3.429996855245161,1.0814414653090842,1.0859917115132638,0.6888250522722215,0.6801426037356846,0.7503788552223418,0.8745793921326811,-0.6543556189849162,-0.5722034544416006,0.28339812493762484,0.272876001538815,1.9796269678161742,0.27287056778031105,1.1003469222396103,ndt,1.000019913318421
119,2.9936050287731004,3.0056066952404183,0.10635510010996238,0.1105818876329847,0.9620605075250679,0.9458386859341281,-0.061559733528427474,-0.03792457679024225,-0.2748709788386736,-0.2791332396301167,0.3671822745447807,0.342750738264094,1.6798298345153013,0.3427425517475904,1.146802085761028,ndt,1.000023885322852
120,3.0755532448067027,2.0,1.6461109707627641,1.5093477153140704,0.23541079397174627,0.3517424671237033,-2.599214901050055,-2.965791926618677,-0.014647582743615661,-0.00043378613834094593,0.2686367386583188,1.4001870640511147,1.719397429976868,0.25892536277208816,5.956062038001326,noise,5.407686018320231
121,3.8501215160481657,4.385412210289655,0.8036910878802762,0.9455015656063345,0.3054902281681315,0.31360315518602794,-2.297772568230033,-2.342661729334799,0.07225708910209905,0.04673682146220089,0.15266503344764248,0.15492321985943908,1.721864562157418,0.15485989954734355,1.0429511547309767,ndt,1.00040888772549
122,3.5281978457771173,2.0,1.102768604644927,0.837231758213369,0.5785567737820482,0.8204271426206224,-1.141907284021754,-1.2216535884457347,0.2876001389180254,0.38961310284191986,0.6623729751647752,1.0847344685321647,1.720534681100444,0.6228270187506361,2.125999975156444,noise,1.7416303979684358
123,4.773381053080485,2.999633444128479,0.27211497416178426,0.1,0.3992308139116253,0.7047018149827684,-1.326288568995263,-1.3928791503338867,-2.782542879050917,-3.0,0.5593494633833137,0.5704567013625258,0.9105722391021822,0.5554120897697841,1.3440710161240894,noise,1.0270872958472648
124,2.06286342923566,2.0961046574964337,0.7358289839186338,0.8531812406213916,0.9883799669552374,1.0,-0.6717894380025127,-0.594772213454406,2.3244499306380293,2.283471596867541,0.33181860581229544,0.6486280884285776,1.5649389857348484,0.3289704707919527,2.15171975149439,noise,1.971690914589056
125,4.469194978778753,2.0,1.489051370343241,0.7945396034143541,0.224354957170346,0.4439123969869795,0.9925549373197133,1.2299980589169524,2.1043426732789374,2.5552824892388255,0.664435734533807,2.250422519910813,2.592951606038747,0.6537089280566735,3.988558656537566,noise,3.4425451807745726
126,2.4633791069181767,2.6296060077995045,0.3730981137645035,0.4736112456810028,0.8615733701687274,0.8623858319485124,2.958615698252452,3.0,-0.07944419278628234,-0.011883900659520457,0.6154090208718869,0.6049328678449406,1.5838567299465447,0.6048972112245156,1.1983557359292811,ndt,1.000058946577639
127,4.65681392377093,2.0,0.9146693089325821,0.35352683231703463,0.28796162060275393,0.6420855140262041,0.5412024215755458,0.6708109804797344,1.8707050857318868,2.381430654399335,0.7096090360176041,1.9153676672853042,2.447887981813997,0.6755793359882173,3.2618794256320642,noise,2.8351483908008546
128,4.646381752293316,4.565320749787205,0.8282854602483108,0.773427696805896,0.3160294765572167,0.3398636830259375,-2.3017169131815987,-2.6264753051004384,2.3678074841948655,2.510202343523083,0.8572432300247744,0.8279124603423365,2.1854845021968425,0.8277613886550662,1.0002835525473086,ndt,1.0001825063228857
129,4.328673698231698,2.153559890104546,0.6819873487212758,0.1,0.3307953016443691,0.5938715007229439,-2.399980453650066,-2.870038901391487,-2.567367357872814,-3.0,0.49677914159687053,1.3180615388189325,1.7839516692282744,0.4774665447716825,3.377923773214477,noise,2.760531713167904
130,3.845149794491537,3.918849338137656,0.11871221229193028,0.14853130340161502,0.5333061001514391,0.540956210788464,2.0715591437908585,2.0198094152938197,0.134722208012644,0.17631632592506677,0.17123168552215642,0.16897043519668442,1.5602203948128472,0.16896905504584706,1.0300312094586663,ndt,1.0000081680686266
131,4.06946710260516,2.5664331202018507,1.5668795333975027,1.3811331681895964,0.6784288930529299,0.8099332587033252,-1.7189614210546023,-1.8261691748250028,2.9466416098206913,3.0,0.07298753719941403,1.9348767381691359,2.741972414525948,0.07453686717263126,29.85744647884011,noise,25.958653905963885
132,4.282413683511784,4.138924814168171,1.5596884776087832,1.5920612155185692,0.7585585037156632,0.7911391979951156,1.2467959982309644,1.358747860454773,-1.9719947498249573,-2.0842501370976136,0.9782833760291448,0.988714342446747,2.7780830967107653,0.9880175310780664,1.0010346731862327,ndt,1.0007052621504806
133,3.740467163294018,4.037025638614061,1.004114775774068,1.0935763921968733,0.3273095101597367,0.33294507366691906,-2.962892237263868,-3.0,0.4902788017741613,0.45614767216123486,0.46852487514309815,0.47092942551045147,1.3138381232762293,0.47092953041582897,1.0490878144331854,ndt,0.9999997772376317
134,2.453884798065838,2.7132309205446625,1.0621911585681962,1.2432288816191457,0.9320313667873245,0.9224783397763808,-0.8295611118516151,-0.778173760200459,-2.432126918249722,-2.422750910639777,0.31775096313319906,0.31236845116132883,1.9475349853243105,0.3123640095590728,1.000209390784102,ndt,1.0000142193150303
135,2.127132346887683,2.0,0.7638741093899346,0.6982410528876932,0.9164599047014067,0.9576697746825029,0.2228426985780514,0.19175265968125982,-2.8179730106363814,-2.9105687609550417,0.24030688319377724,2.037620165230859,2.9656317968782133,0.2493910953444168,8.579914575186924,noise,8.170380592044967
136,3.7934679167435883,4.179883592974003,0.607545722150213,0.7197748384395102,0.5648533821519808,0.5581738186115057,-2.618428739917409,-2.6527242559012203,0.4988941218806684,0.48409443064413366,0.8405823125200177,0.8279488045062845,1.9112408535824488,0.8264068613419531,1.0536450650660947,ndt,1.0018658402252705
137,2.796767760986988,2.938880662141957,1.6511486864222222,1.6863749283107679,0.3267587520696456,0.32568073870398784,2.4689461287108285,2.4482510969972378,1.296570876016485,1.1600914912480789,0.06603818078878178,0.05997327118498495,1.3832561132785772,0.05993323343683388,1.0373165303604721,ndt,1.0006680391805203
138,3.0727519005142065,3.337193847072484,0.6281278168385507,0.7278925108306992,0.24190042148290655,0.2437831209880691,2.217119651382835,2.1782907350802336,-1.3011873631716842,-1.2623872397482936,0.1692068463402639,0.16799809111079075,1.402886284713646,0.16799841767080853,1.1001853942718325,ndt,0.9999980561720622
139,3.143540337122701,2.0,1.5946358311552769,1.1500408908170598,0.766061298119994,0.8839911230222637,-2.6449223104091213,-3.0,0.6114825490473583,0.7313567220772887,0.6642495738968575,1.4043755606027557,2.0364776265077937,0.6467279120123476,2.6318258493947804,noise,2.1715091223338803
140,2.6046745841917534,3.194503265222375,1.5258648248947977,1.916005661848127,0.7726948191328361,0.7701337764814877,-1.7320826990140672,-1.7152939773726752,-2.751498111420137,-2.7040873273087227,0.5146589555283116,0.5427560820126525,2.37356199453156,0.5427454217212073,1.0000680520471132,ndt,1.0000196414212235
141,3.28200237329729,2.568422708339172,1.564083755949662,1.3296187706044404,0.9376017807421597,1.0,-2.7560521636628548,-2.976730273231541,1.0616810308774816,1.1292970884855111,0.9930498727435024,1.2048944906989019,1.6883527655109538,1.0003688505909973,1.3354655005138036,noise,1.2044502285202854
142,3.1219641928186714,2.3639697974012837,0.10631087392578759,0.1,0.2265351158935392,0.43750433052414794,2.161049318291524,2.1214920812250195,-1.9738868413288377,-2.0409613788517786,0.5382767760779877,1.4871145653514062,1.7936848730236445,0.5455845602669246,3.2909575788953376,noise,2.7257269975232483
143,3.803271341284684,2.0,1.155942276233706,0.6828151946123826,0.32931377015002333,0.5582214717561477,-0.6461689046243297,-0.6654877158728758,2.193335750718359,2.6434049696875017,0.25177218629627224,1.5583202722859832,2.0812212822578995,0.24681546395694068,7.573917570682514,noise,6.313705986258005
144,2.9154460650285063,2.25999906133852,1.9891091099240494,2.0,0.5542007328613794,0.6288875225555854,-2.8923810342159793,-3.0,1.016396841847743,1.1634157361270137,0.4343807716913473,1.994120229601972,2.605496784529889,0.4340339929488099,5.055241285298748,noise,4.5943872185079275
145,3.1086757300382852,2.3505424970584143,0.15962540937151976,0.10000447350093856,0.17157352569734383,0.4313796540555228,1.004820180587976,1.0523319906101833,1.0793324895226672,1.181403948251452,0.9644634277636496,1.0287311759674678,0.7409555373477857,0.9879441162901467,1.245179687589396,noise,1.0412847842350452
146,2.4411538759611373,2.7294722151266364,0.7122398458040672,0.9048257859122839,0.5636406298838866,0.5712075523422617,2.6643343887297233,2.7535916464559715,2.4306650269977745,2.6353074115275827,0.14859417060081231,0.13782231275512027,2.3632428934810226,0.1378173637027922,1.093230843492607,ndt,1.000035910223466
147,3.718511250357192,2.4132541527385567,0.31533329432604396,0.1,0.3443793827267223,0.6028398285990688,-2.414923973984262,-2.7849232994174757,-2.4345369704821813,-2.7270486119525787,0.6694993029463432,2.3600391644601024,2.8456661512930066,0.6501290077678273,4.388807666112521,noise,3.6301090033855474
148,4.0349841306837595,2.0,0.5486170868385334,0.1,0.6360315878191185,0.9685958597972144,1.9600147153081686,2.475850805592453,1.6386841681798499,1.960323117204068,0.6224042558022524,1.4199500543508612,2.223983680224858,0.6184247597641579,2.764434713977026,noise,2.2960756857347895
149,2.576592753923131,2.8735332017050266,0.5990636188491013,0.8512699119948562,0.4638017059675222,0.44853764935061713,1.6702225210908102,1.4823661139788433,-2.0703945230824656,-1.9103013006703569,0.9877857147060695,1.0218720162166501,1.9044053269087342,1.0182866464149325,1.1054711418170735,ndt,1.0035209828336065
150,2.2616956021991,2.0,0.29744079800914197,0.3027476214200192,0.14824398777934633,0.23127303491145912,1.7305640526311097,1.7563151414474127,-1.568114622341271,-1.6180435816919476,0.09819390303795676,2.4617816647997737,2.68585635275467,0.09269849587426802,28.758215663928446,noise,26.556867418202998
151,4.559900579953839,2.0,1.6530730854550522,1.3615035171951682,0.4948146226291467,0.7721813966689791,0.19503775512973642,0.19797018140295505,1.6673424356401028,2.2879175466375883,0.056354147544514836,0.6710745511958396,1.4394660121481415,0.05676842059334986,14.231356520198842,noise,11.821265136174189
152,4.657347526928101,2.033437317906788,1.746185381540325,1.4502204859222665,0.6679917842206178,0.8710690371474867,1.6454362462370065,1.890838911235998,-2.9397437897570082,-3.0,0.4012388999082767,0.8110078698751616,1.561633410758421,0.39681273055344957,2.386789357152866,noise,2.0438050683102293
153,2.9611712989029915,2.0,0.35479017586017686,0.15578742287561317,0.39993610942539537,0.6032726193842826,2.7405875720223443,3.0,-0.5521589622954819,-0.517043246981727,0.6990197482217155,0.7533231268319214,0.9290875505384004,0.6984249564496819,1.3327279424107628,noise,1.0786028189217414
154,4.839595356042731,4.267803341867129,0.6723510727013835,0.6808998269260658,0.8798669992846047,0.9801108857840827,2.69588136388429,2.961660479163965,2.783857521960063,3.0,0.8282672078392528,2.128923689620945,2.981811619573789,0.8090693048410018,2.765186154057692,noise,2.631324259717554
155,4.073955692731366,2.830500357930294,0.9515698847956755,0.806926596329512,0.8423053222566002,1.0,0.33373417799454175,0.3953307059068152,1.380863806183496,1.5313672595688697,0.6165549962206276,1.7337352175174774,2.625512861688204,0.5649470988157698,3.275843639644179,noise,3.0688452443630503
156,2.831927113915362,3.0127529731869935,0.2064693958639105,0.3146026663704401,0.6897527992313748,0.6600572806378249,2.0264778231367075,1.9093421771953398,-2.8208745331652594,-2.5808860095401998,0.33608241053000387,0.3512738549746709,1.614354854201488,0.351107112143481,1.0042702067590417,ndt,1.0004749058775027
157,4.142188165260328,2.0,1.2833894865029962,0.706021365868041,0.3671004323937011,0.6084755487844962,-2.070338209104943,-2.735452959351222,1.622771594905079,2.0894916354820197,0.6490920466921489,0.7905228936949984,1.0294271836672229,0.6588899619063033,1.4526105851677427,noise,1.1997798409431737
158,2.9424303936104907,3.9422606958764668,1.6146560267170813,1.990012027416042,0.7426351758111901,0.7000173010039871,1.80105272620432,1.7770199042559522,-0.8562683828591735,-0.8240224022179141,0.5822819975150466,0.5822957818019244,1.6109433994983295,0.5822900490154326,1.000164801438934,ndt,1.0000098452420774
159,3.6889400228787235,2.0,1.73343892286534,1.186592039675722,0.6215827913583089,0.7817820714031781,-2.338745226850084,-2.918778688432849,1.8557188246621958,2.2588840725998716,0.616955280446973,1.4628711600088193,2.1229106441710472,0.5982139158454772,2.7659771792180674,noise,2.4453980779455637
160,3.3032942192478125,2.0165163617996926,1.5205844111056375,1.2509741772977738,0.13576739156125614,0.2808985885831919,-0.8761860837696334,-1.132242012271006,2.7843267933600115,3.0,0.44580123087677836,1.2336842623101405,1.450248859455648,0.43324503007685294,3.0342736138848445,noise,2.847543945492689
161,3.251447167678286,2.1133644110658145,0.6515500415091511,0.3965197824077377,0.25393859349287945,0.4042689464916267,-1.6888925882266181,-1.769732276163674,2.890692784569085,3.0,0.9281488754629749,1.9810384289234424,2.1523981815798754,0.8897437765666514,2.7910717801057277,noise,2.2265268733521073
162,2.7453556633993585,2.9211140467868693,0.8541633492628906,0.8774384402996791,0.668474290334403,0.6591524414218362,-1.777133212085081,-1.746078693545661,-0.08269856599853798,-0.07264475091788826,0.7250835374575094,0.7403750077074558,2.8394104337733914,0.7402835050496814,1.0481055384779323,ndt,1.0001236048853583
163,3.6150864439431913,3.850665443991665,0.4296255763248228,0.44736532170955995,0.320370561491431,0.3228738694238911,-0.1700216869015425,-0.21490134894262752,1.0647356499901872,1.0325660406906723,0.13804671772190377,0.14207452565943718,2.8125211061590707,0.1420732988418846,1.1103267670597523,ndt,1.000008635102884
164,4.8558752999222365,2.5961735289160908,0.30470604472176704,0.10000000124284703,0.2138667084074405,0.631650222627792,-0.7761517692393671,-0.8837551498480372,2.441747084127649,2.682589739960867,0.48406196313287214,1.5350710612030316,2.1223536565258883,0.506399773746045,3.9720071513926465,noise,3.0313423125122805
165,3.8772173312763565,4.430144591834502,1.2947863659382866,1.3762588673808782,0.5428989276226648,0.5140733205787338,-0.2105903654871899,-0.17120393886126067,2.1946443529426762,2.1695808253461424,0.9492129617815912,0.8809830185638186,2.6971555283249065,0.8809746761789385,1.1494916101675687,ndt,1.0000094694945332
166,4.785903724767821,4.856851713401989,0.7427173945076504,0.7762649855434205,0.8599929030787744,0.8944034887896846,-0.09478868966411169,-0.12485880624329801,-1.2451513556659852,-1.2586383609027223,0.8725045807685964,0.8727182206006652,1.4514457626971535,0.8725444675794521,1.0086581172760491,ndt,1.000199133714864
167,2.7815537935384462,2.0,0.2247420819233869,0.10254818344706776,0.5405255443678382,0.8902731558509267,-0.029141150223908507,-0.04311254904099302,-0.29764714597931974,-0.33665496832232145,0.7989099244759253,0.9555139675661213,1.4753479580376727,0.7961698648092644,1.6198838406549716,noise,1.2001383244956532
168,2.4525770157108524,2.0056482513156,1.5955358120565506,1.384161408379953,0.6186172846865611,0.686393662636914,-2.570235442169289,-2.953928530345417,-2.5687041867938145,-3.0,0.29183660593515726,1.268098263984803,1.9353054349025323,0.29353725135554165,4.792160283461201,noise,4.320059066196141
169,2.203517683557535,2.0,1.8441247091942379,2.0,0.19981645758013492,0.27011479697446156,-1.9103091189610477,-2.1759121332416744,-0.21232277233382857,-0.3507273968057376,0.1293419207323027,0.5160387732861035,0.7588000533239992,0.12881070488784083,4.359650856902704,noise,4.0061792514483425
170,4.705281623661779,5.0,1.70745669147547,1.5937830805062922,0.9635887642509514,0.9340695308195215,2.5108870942747195,2.56331379108767,1.3539820358792032,1.45808325838393,0.9411904747406076,1.0671969091489741,0.4405158810832966,0.9524253705838065,1.1768353013970836,noise,1.1205044952706544
171,2.4501605782703555,2.0,0.5220370133863703,0.4360552571251932,0.12761567777254276,0.29489014026486216,-0.39837369266074374,-0.3662370739523863,-0.6945726029444532,-0.7522216996142086,0.3191416837448053,1.1951069322684147,1.4417793395133403,0.31470289628141346,4.372048377951394,noise,3.7975720795391945
172,3.7885632580619717,2.0,1.9534043760474147,1.6117493612200235,0.7499583268039208,0.9196956843882619,0.9935000637270934,1.0631307243040904,1.404159247260804,1.600169735972474,0.3611212064653773,1.7631727039656846,2.640989089410774,0.34865903058990383,5.30853381602915,noise,5.0570114331544325
173,2.62315334973622,2.7540827074993817,1.2260135836681711,1.2241304060890619,0.7511295131494145,0.7258484057987481,-0.16470625994846477,-0.2673760701076534,-0.2774747372328832,-0.36834213847325276,0.6267705198495677,0.62785937151072,1.505860856581672,0.6278470349315065,1.0974030793247855,ndt,1.0000196490204256
174,4.955405065694656,3.76703593398297,1.306642387516885,1.328077973696917,0.1911012104897979,0.3174533926188039,-2.862727631193363,-3.0,1.4523917426265502,1.6752174784129543,0.980104485714952,2.526473444278122,2.5912195246610765,1.0089541200731673,2.6368146448901775,noise,2.5040518632253637
175,3.6362738662825276,3.7757967884425665,0.953574236934671,0.9509774847442984,0.5375911360841572,0.5270106318841549,1.5546024005350227,1.5620298724951225,0.2435858864762741,0.2848617939330369,0.2875674581497422,0.298439347860871,1.382049308252012,0.2984006137671558,1.0697205949615993,ndt,1.0001298056770935
176,2.2633710614687286,2.067121361341497,1.1641884074371258,1.1331283175673947,0.15915700966167262,0.19847719531043528,-1.3902662004921202,-1.445892164461757,1.2360878313323016,1.3189961183603316,0.41295674504634655,0.4014081651587089,2.5756248285720007,0.40072025321063043,1.034288822355546,ndt,1.0017166887437479
177,2.75431802116499,2.143018422369212,0.12336339486858375,0.1,0.12072893235931986,0.2690075094790582,-2.513562844002177,-2.4443083165727426,2.420573539680748,2.3677635148285012,0.7049492834978934,0.9662007408756416,0.9345950075414129,0.7101648844058035,1.5904699687178776,noise,1.3605301558722716
178,4.509938665472929,2.0,1.2114342180767663,0.6676337506744096,0.2906827427118829,0.5601143242386835,-1.964226362886602,-2.4520727556524857,-1.6675456229076653,-2.0509186944566355,0.42473413276471694,0.7822640265057713,1.2386219781358836,0.41992508834445147,2.41780000200549,noise,1.8628656591818218
179,3.8450878095438243,4.456217855566546,1.16787455688556,1.2402526687568818,0.124027970719524,0.11225187346657117,-1.2061481910762306,-1.2765873961641494,2.4223939692490304,2.578859572114885,0.259002576486813,0.262660749330098,1.5119418716230417,0.26240843906704214,1.0311706636797913,ndt,1.0009615173351623
180,4.244393918596605,2.0,1.3418117760499575,0.849808171849323,0.26130198170958957,0.5267828031213404,-1.7327669868272328,-2.333564954208383,-0.1723554035365329,-0.1909490606254384,0.5323607785150035,2.0832319580362055,2.5327792628337913,0.5411871475810629,4.635462334757542,noise,3.8493744120635536
181,2.8090089790974138,3.260374570317868,1.53100168524811,1.7574917932087075,0.394571978240694,0.38794365947767945,-1.3402451580694408,-1.2951915206789488,-1.8001321944982829,-1.8678674766955083,0.18781087735958799,0.1882523536525803,1.1151566712538863,0.1882221114693147,1.0075332285023981,ndt,1.0001606728509713
182,4.463871055816213,2.1524853650547078,0.3746780408509223,0.1,0.4901595930838246,0.9824281899629016,0.5274480379414566,0.6377708981060404,-1.8417625658402916,-2.127469508391776,0.1324213340820528,0.8828486636651743,1.8571575089627506,0.1320079486676067,9.167702541023951,noise,6.687844728866813
183,4.502501589684027,2.0,1.5043255933286312,0.875130703310731,0.6505151173807456,0.8606707784047296,2.8188877630069804,3.0,1.5899706085811394,1.870799208370118,0.512847803772535,1.4087338697933554,2.1770953850234354,0.4997846051774767,3.381564555064875,noise,2.8186819986043887
184,4.714467378230001,4.081680164426558,0.9292606814446314,0.8459273662269189,0.8454090043935472,0.9104072556099745,0.8878572900304664,0.8536274580081624,0.1901465181520121,0.0745851113893467,0.9454852847910841,0.9287375185935125,1.5958032310580559,0.9287055861909126,1.089039263458041,ndt,1.000034383773582
185,3.0932843562523797,4.450380835329511,0.9114609572499084,1.1618838555213835,0.7408416717195057,0.657478696573899,-2.0545144413288847,-1.9944470389452627,-2.6675526375062337,-2.6505040784881864,0.5827757672088535,0.5772649517583484,1.6966259451497896,0.5766007657484894,1.0506730454254622,ndt,1.001151899285109
186,3.8361177143585885,2.4783890690953516,0.1909503854753793,0.1,0.24441501904532908,0.507919704119689,-1.8810971737773927,-1.9712617868310767,2.788280906669129,2.7672044502371747,0.6839685235676801,0.8071723766280703,0.990897594992001,0.6828895543691568,1.5884204551272507,noise,1.1819954946795521
187,3.7226315350357675,3.624855838930062,0.7999714989371817,0.7485308299516835,0.4162166951256409,0.4369404709599294,2.5879188043951267,2.7334931160197162,-0.43162537143507396,-0.4118098041134448,0.3906249719409083,0.37626684518884757,1.1444686419256425,0.37624742726361465,1.0006363815573844,ndt,1.0000516094565062
188,4.893924240646716,5.0,0.6044178264948457,0.7033001969231643,0.1805178755336248,0.21666755903497073,-2.377859970648463,-2.278340126317018,-2.6560057303850773,-2.7479586935664173,0.45425835545497967,0.4268068462865509,2.1666647340376937,0.4251350283702843,1.0083362638772295,ndt,1.0039324398242964
189,2.4694673954310082,2.0,1.6736151460604514,1.5767439978375348,0.5544921370123758,0.6176138332328671,0.20476442163463293,0.17768858201462073,1.7357022248705138,1.9078293287452182,0.6971683023629831,1.4806188263421924,1.9262351377920564,0.6895647578022409,2.3610839586300423,noise,2.1471787958844852
190,2.352996633143916,2.801983229568263,0.7500455145917245,0.8525044814478662,0.8304116372333458,0.7664058295868307,1.206343349341656,1.1749500043374894,0.40511808695437823,0.39076144879413577,0.8096990823008053,0.8258394966141118,2.628577119109772,0.8251554883262066,1.1519485682288695,ndt,1.0008289447232457
191,4.61830768351734,2.0615597372997145,1.0886327799123081,0.6538147052235929,0.6677993364787298,0.9947187886966625,-0.09928476705469058,-0.17708560477278626,-1.0329915309283202,-1.2966157013247608,0.30752648895018314,1.3868181138428077,2.333841390417981,0.2997426978805016,6.092500673183802,noise,4.626695241115399
192,4.774241177233577,2.906309432833084,0.42834310815072235,0.3110156991569332,0.5789047459226941,1.0,0.24554039406029426,0.23959706074084314,-0.6167871297798444,-0.6490555258043536,0.09738600817172949,0.906791032160405,1.9014450994412224,0.09609667204670705,12.466327098885472,noise,9.436237622460705
193,4.590561741214369,2.0,1.0012296514736918,0.5647290461694388,0.5164466127234963,0.8748610801373824,-1.4443058582982813,-1.7260280881093992,-0.10377814510734096,-0.09084973331058589,0.3899741243264535,0.574737803808865,1.2681201631327421,0.3830194483638033,1.9573299483672117,noise,1.5005447014872253
194,2.538487568310802,2.570136274585831,0.3576911564476293,0.33429768117423997,0.8288189641900364,0.8164173024041153,0.15338216132888682,0.12401701590194561,2.9027636811878903,2.8522740273053744,0.36758212011998126,0.38785485619109705,0.2868626428319326,0.3877894352476775,1.055269474014601,ndt,1.0001687022323797
195,4.2435850722621655,4.903384982387677,0.7935716107311988,0.9310192553999088,0.8150930597471214,0.7948299261825092,-1.7934572835780407,-1.7234047148741938,1.3238124609224946,1.3691688351309812,0.3877978187817804,0.365028352986157,2.848206696121681,0.3649427888833253,1.1474503821106299,ndt,1.0002344589492875
196,2.8988209444406436,2.0,0.6819797001613287,0.2795569411769587,0.38835078463539163,0.5427979880404161,-2.134453886167103,-2.459341850008272,2.219093466493792,2.5986089037064466,0.3215196722035636,2.020164349401532,2.517570475776032,0.31788758995241384,8.056197687190812,noise,6.354964500828549
197,3.2847972562466308,3.5346159972156688,0.8062516513943563,0.9442174163792717,0.9608889778873443,0.9592447358007501,-1.960476543261204,-1.8798809550235003,-0.20089788279963017,-0.22720325423301657,0.680411176892654,0.6806360527064138,2.621912483062443,0.6805235515982532,1.0510286623259126,ndt,1.0001653155249315
198,2.8014008334594975,2.033172517883911,1.7844015940465736,1.6024535010867182,0.4114894045987096,0.4940082613307929,-1.9770742326081,-2.1670783979818458,-2.653984122731526,-2.89852501902272,0.2242581132201784,2.224205435836989,2.717940032869202,0.2176509196487504,11.27000179331414,noise,10.219140996171568
199,2.0522499586596643,2.0,1.2528849976741239,1.48058030077627,0.7395400497782117,0.785099536138136,-2.664213369466675,-2.9356621198283577,-0.7674872950568599,-0.8009030966891182,0.4636095091278923,1.5513776264028964,2.26830941946667,0.46050165255446507,3.7087084161423842,noise,3.3688861219003114
